,MV,age,Team,pre_MV,apps,ppm,goals,assists,mins_played,Nationality,Preferred Foot,Role
0,20412000.0,27.0,Shakhtar Donetsk,900000.0,6.0,1.5,0.0,0.0,186.0,Brazil,Left,midfield
1,43891200.0,28.0,Shakhtar Donetsk,20412000.0,36.0,10.08,6.0,10.0,1102.926,Brazil,Left,midfield
3,43142400.0,29.0,Manchester City,1371600.0,48.0,10.83,5.0,5.0,1195.608,Brazil,Left,midfield
5,37422000.0,30.0,Manchester City,43142400.0,49.0,5.41,3.0,4.0,758.2719999999999,Brazil,Left,midfield
7,37825200.0,31.0,Manchester City,1737450.0,50.0,8.67,6.0,6.0,471.781,Brazil,Left,midfield
9,20282400.0,32.0,Manchester City,37825200.0,44.0,8.030000000000001,3.0,2.0,930.755,Brazil,Left,midfield
11,5103000.0,26.0,others_teams,3600000.0,15.0,1.57,2.0,5.0,121.247,Colombia,Left,midfield
12,2696400.0,22.0,Villarreal CF,685800.0,32.0,1.26,12.0,7.0,46.235,Colombia,Left,midfield
13,5346000.0,23.0,Villarreal CF,2696400.0,39.0,6.0,16.0,5.0,1011.619,Colombia,Left,midfield
14,58320000.00000001,20.0,others_teams,27000000.0,31.0,5.55,23.0,10.0,182.603,Brazil,Right,forward
15,68580000.0,21.0,FC Barcelona,58320000.00000001,1.0,1.0,0.0,0.0,90.0,Brazil,Right,forward
16,94374000.0,22.0,FC Barcelona,68580000.0,41.0,7.3100000000000005,15.0,15.0,1103.7359999999999,Brazil,Right,forward
17,133650000.00000001,23.0,FC Barcelona,94374000.0,51.0,7.95,39.0,10.0,506.59499999999997,Brazil,Right,forward
18,135090000.0,24.0,FC Barcelona,106920000.0,49.0,10.82,31.0,25.0,1381.056,Brazil,Right,forward
19,169020000.0,25.0,Paris Saint-Germain,135090000.0,45.0,6.58,20.0,26.0,1321.653,Brazil,Right,forward
20,2187000.0,27.0,others_teams,1620000.0,3.0,3.0,1.0,0.0,183.0,Colombia,Right,forward
21,1440000.0,33.0,others_teams,2028240.0,39.0,8.78,10.0,5.0,2917.0,Colombia,Right,forward
22,4374000.0,19.0,others_teams,810000.0,18.0,2.81,0.0,2.0,241.422,Kosovo,Right,midfield
24,36450000.0,25.0,Shakhtar Donetsk,1800000.0,13.0,2.6,0.0,1.0,609.0,Brazil,Right,forward
25,48006000.0,24.0,Chelsea FC,4374000.0,37.0,5.74,4.0,3.0,1405.0,Brazil,Right,forward
27,40446000.0,26.0,Chelsea FC,4114800.0,36.0,3.44,3.0,7.0,432.457,Brazil,Right,forward
28,40095000.0,26.0,Chelsea FC,40446000.0,38.0,3.01,12.0,8.0,635.374,Brazil,Right,forward
29,43228800.0,27.0,Chelsea FC,6682500.0,30.0,1.23,4.0,1.0,1.655,Brazil,Right,forward
30,36057600.0,28.0,Chelsea FC,4397930.0,33.0,3.68,11.0,5.0,332.819,Brazil,Right,forward
31,45000000.0,30.0,Chelsea FC,2817000.0,42.0,4.09,11.0,6.0,733.967,Brazil,Right,forward
32,23317200.0,26.0,Tottenham Hotspur,23328000.0,46.0,3.6399999999999997,4.0,9.0,844.837,England,Right,midfield
33,16178400.0,27.0,Tottenham Hotspur,23317200.0,33.0,3.6799999999999997,1.0,5.0,457.187,England,Right,midfield
34,8019000.000000001,28.0,Everton FC,16178400.0,31.0,7.66,2.0,3.0,740.071,England,Right,midfield
35,8105399.999999999,29.0,Everton FC,11360250.0,31.0,6.64,6.0,2.0,548.539,England,Right,midfield
36,5634000.0,30.0,Everton FC,8105399.999999999,13.0,2.8600000000000003,1.0,1.0,667.0,England,Right,midfield
37,7543800.0,25.0,Southampton FC,4374000.0,30.0,1.0,3.0,6.0,2.238,England,Right,midfield
38,29660400.0,26.0,Liverpool FC,7543800.0,42.0,3.4699999999999998,10.0,8.0,210.1,England,Right,midfield
39,26730000.0,27.0,Liverpool FC,29660400.0,41.0,8.34,6.0,4.0,941.788,England,Right,midfield
40,25667099.999999996,28.0,Liverpool FC,26730000.0,49.0,5.42,7.0,8.0,1451.114,England,Right,midfield
41,28170000.0,29.0,Liverpool FC,25667099.999999996,35.0,4.0,8.0,7.0,261.348,England,Right,midfield
42,10972800.0,25.0,Atlético Madrid,21870000.0,46.0,9.45,4.0,5.0,1053.476,Mexico,Left,forward
43,12133800.0,26.0,FC Porto,13716000.0,39.0,7.48,3.0,5.0,1745.0,Mexico,Left,forward
44,6682500.0,27.0,FC Porto,12133800.0,18.0,6.86,1.0,4.0,723.0,Mexico,Left,forward
45,5403600.0,28.0,FC Porto,6682500.0,23.0,3.13,5.0,4.0,950.0,Mexico,Left,forward
46,3943800.0,29.0,Villarreal CF,5403600.0,26.0,8.3,2.0,1.0,1064.0,Mexico,Left,forward
47,4114800.0,26.0,Crystal Palace,2916000.0,32.0,5.26,1.0,0.0,261.61,Jamaica,Right,backward
48,3370500.0,27.0,Crystal Palace,3429000.0,27.0,2.79,1.0,1.0,272.113,Jamaica,Right,backward
49,2673000.0,28.0,Crystal Palace,3370500.0,16.0,5.42,0.0,0.0,1076.0,Jamaica,Right,backward
50,2026349.9999999998,30.0,others_teams,2673000.0,7.0,2.0,0.0,0.0,581.0,Jamaica,Right,backward
51,1126800.0,30.0,others_teams,2026349.9999999998,8.0,0.86,0.0,0.0,651.0,Jamaica,Right,backward
52,20574000.0,28.0,FC Barcelona,17496000.0,55.0,8.99,14.0,2.0,687.242,Brazil,Left,backward
56,13482000.0,29.0,FC Barcelona,20574000.0,63.0,8.64,17.0,6.0,1028.367,Brazil,Left,backward
60,6682500.0,30.0,FC Barcelona,13482000.0,27.0,8.629999999999999,2.0,2.0,1403.0,Brazil,Left,backward
64,5403600.0,31.0,FC Barcelona,10692000.0,19.0,10.66,1.0,2.0,1068.0,Brazil,Left,backward
66,2817000.0,32.0,Besiktas JK,5403600.0,45.0,6.01,2.0,5.0,1090.199,Brazil,Left,backward
68,16459200.0,20.0,others_teams,7290000.000000001,35.0,6.68,15.0,7.0,674.357,Nigeria,Right,midfield
69,6858000.0,23.0,others_teams,5832000.0,20.0,1.15,7.0,0.0,1.287,Italy,Right,forward
70,8089200.0,24.0,others_teams,6858000.0,37.0,2.9699999999999998,15.0,3.0,140.52,Italy,Right,forward
71,8019000.000000001,25.0,others_teams,8089200.0,38.0,1.08,9.0,3.0,62.631,Italy,Right,forward
72,8105399.999999999,26.0,Atalanta BC,8019000.000000001,32.0,2.19,10.0,1.0,789.673,Italy,Right,forward
73,3943800.0,27.0,others_teams,8105399.999999999,14.0,4.38,0.0,0.0,499.0,Italy,Right,forward
74,15087600.0,28.0,Juventus FC,22599000.0,35.0,9.45,10.0,2.0,1785.0,Italy,Right,forward
75,8089200.0,29.0,AC Milan,15087600.0,39.0,6.46,6.0,1.0,2090.0,Italy,Right,forward
76,6682500.0,30.0,AC Milan,8089200.0,26.0,9.629999999999999,9.0,7.0,477.031,Italy,Right,forward
77,2701800.0,31.0,AC Milan,6682500.0,31.0,4.609999999999999,7.0,3.0,1488.0,Italy,Right,forward
78,788760.0,32.0,US Sassuolo,2701800.0,37.0,3.16,8.0,0.0,343.458,Italy,Right,forward
79,450000.0,33.0,US Sassuolo,1014120.0,25.0,2.41,3.0,1.0,995.0,Italy,Right,forward
80,35661600.0,24.0,FC Barcelona,55404000.0,46.0,7.96,11.0,13.0,918.708,Chile,Right,forward
83,51231600.0,25.0,Arsenal FC,35661600.0,54.0,7.92,21.0,16.0,1039.3809999999999,Chile,Right,forward
86,73507500.0,26.0,Arsenal FC,51231600.0,52.0,11.83,25.0,12.0,1376.952,Chile,Right,forward
89,74299500.0,27.0,Arsenal FC,73507500.0,41.0,6.99,17.0,11.0,846.445,Chile,Right,forward
92,73242000.0,28.0,Arsenal FC,74299500.0,51.0,6.72,30.0,18.0,1009.223,Chile,Right,forward
95,8915400.0,22.0,Udinese Calcio,4374000.0,37.0,1.81,0.0,5.0,93.037,Brazil,Right,midfield
97,10111500.0,23.0,Udinese Calcio,8915400.0,41.0,6.99,0.0,3.0,722.644,Brazil,Right,midfield
99,18711000.0,24.0,SSC Napoli,10111500.0,38.0,3.1399999999999997,2.0,6.0,316.003,Brazil,Right,midfield
101,22965300.0,25.0,SSC Napoli,15369750.000000002,43.0,6.17,3.0,7.0,352.824,Brazil,Right,midfield
103,22536000.0,26.0,SSC Napoli,22965300.0,39.0,6.62,1.0,5.0,459.616,Brazil,Right,midfield
105,29700000.0,27.0,SSC Napoli,22536000.0,50.0,9.39,4.0,5.0,616.863,Brazil,Right,midfield
107,2057400.0,24.0,others_teams,1166400.0,22.0,1.14,5.0,2.0,29.589,Greece,Right,midfield
108,9437400.0,25.0,SL Benfica,2057400.0,38.0,5.63,4.0,5.0,698.309,Greece,Right,midfield
109,6172200.0,19.0,ACF Fiorentina,947700.0000000001,29.0,1.59,10.0,4.0,2.202,Croatia,Right,midfield
110,4718700.0,20.0,RB Leipzig,6172200.0,9.0,6.25,2.0,1.0,465.0,Croatia,Right,midfield
111,2004750.0000000002,21.0,ACF Fiorentina,5392800.0,11.0,1.1,0.0,0.0,453.0,Croatia,Right,midfield
112,1215810.0,22.0,others_teams,2004750.0000000002,17.0,3.85,1.0,0.0,968.0,Croatia,Right,midfield
113,5070600.0,24.0,others_teams,1215810.0,28.0,3.25,3.0,2.0,339.406,Croatia,Right,midfield
114,27432000.0,22.0,others_teams,17496000.0,35.0,2.6799999999999997,11.0,5.0,79.846,France,Left,midfield
115,40446000.0,23.0,Atlético Madrid,20574000.0,50.0,6.37,20.0,5.0,1020.6600000000001,France,Left,midfield
116,66825000.00000001,24.0,Atlético Madrid,40446000.0,53.0,7.26,25.0,6.0,948.474,France,Left,midfield
117,108071999.99999999,25.0,Atlético Madrid,60142500.00000001,54.0,5.42,32.0,7.0,194.19,France,Left,midfield
118,32918400.0,26.0,Atlético Madrid,23328000.0,41.0,7.17,5.0,8.0,760.157,Turkey,Right,backward
119,40446000.0,27.0,Atlético Madrid,32918400.0,46.0,7.76,9.0,6.0,1068.924,Turkey,Right,backward
120,46777500.0,28.0,FC Barcelona,40446000.0,46.0,4.79,3.0,6.0,1040.346,Turkey,Right,backward
121,37825200.0,29.0,FC Barcelona,46777500.0,25.0,7.5600000000000005,2.0,4.0,1200.0,Turkey,Right,backward
122,16902000.0,30.0,FC Barcelona,37825200.0,30.0,9.540000000000001,13.0,7.0,604.244,Turkey,Right,backward
123,54864000.0,26.0,Juventus FC,34992000.0,45.0,9.07,15.0,12.0,1178.577,Chile,Right,midfield
124,60669000.0,27.0,Juventus FC,48006000.0,46.0,8.96,18.0,5.0,1162.441,Chile,Right,midfield
125,56133000.0,28.0,Juventus FC,60669000.0,45.0,6.32,8.0,4.0,494.134,Chile,Right,midfield
126,54035999.99999999,29.0,Bayern Munich,56133000.0,48.0,7.6899999999999995,7.0,12.0,1188.048,Chile,Right,midfield
127,39438000.0,30.0,Bayern Munich,54035999.99999999,41.0,9.719999999999999,9.0,4.0,1124.8229999999999,Chile,Right,midfield
128,31500000.0,31.0,Bayern Munich,39438000.0,35.0,11.18,6.0,2.0,853.457,Chile,Right,midfield
129,11658600.0,28.0,Swansea City,5832000.0,41.0,3.74,0.0,0.0,363.33,Wales,Right,backward
131,9437400.0,29.0,Swansea City,11658600.0,43.0,5.5600000000000005,1.0,1.0,699.04,Wales,Right,backward
133,8687250.0,30.0,Swansea City,9437400.0,39.0,3.01,0.0,0.0,183.33,Wales,Right,backward
135,1920240.0,26.0,others_teams,1093500.0,15.0,1.13,0.0,0.0,672.0,Colombia,Right,forward
136,1617840.0,27.0,others_teams,1234440.0,12.0,2.89,5.0,1.0,798.0,Colombia,Right,forward
137,2405700.0,28.0,others_teams,1617840.0,37.0,5.64,10.0,6.0,836.227,Colombia,Right,forward
138,2701800.0,29.0,others_teams,2405700.0,31.0,2.71,7.0,10.0,1168.489,Colombia,Right,forward
139,3943800.0,30.0,others_teams,2701800.0,40.0,6.01,12.0,11.0,459.816,Colombia,Right,forward
140,12344400.0,24.0,VfL Wolfsburg,13122000.0,33.0,3.61,12.0,3.0,371.99,Netherlands,Right,forward
141,5392800.0,25.0,VfL Wolfsburg,12344400.0,15.0,4.46,5.0,1.0,723.0,Netherlands,Right,forward
142,18028800.0,28.0,others_teams,10131750.0,43.0,11.469999999999999,37.0,7.0,960.7090000000001,Netherlands,Right,forward
143,4114800.0,20.0,Swansea City,1093500.0,44.0,4.83,1.0,2.0,627.049,Wales,Left,backward
144,13482000.0,21.0,Tottenham Hotspur,4114800.0,41.0,5.54,2.0,1.0,577.873,Wales,Left,backward
145,10692000.0,22.0,Tottenham Hotspur,13482000.0,29.0,8.5,0.0,2.0,2241.0,Wales,Left,backward
146,10807200.0,23.0,Tottenham Hotspur,10692000.0,27.0,6.22,0.0,4.0,824.288,Wales,Left,backward
147,16902000.0,24.0,Tottenham Hotspur,10807200.0,34.0,8.57,2.0,3.0,949.735,Wales,Left,backward
148,27432000.0,20.0,Shakhtar Donetsk,4374000.0,14.0,3.36,5.0,3.0,1107.0,Brazil,Right,midfield
149,24267600.0,22.0,Shakhtar Donetsk,27432000.0,29.0,6.109999999999999,3.0,7.0,1355.0,Brazil,Right,midfield
150,21384000.0,23.0,Shakhtar Donetsk,24267600.0,23.0,5.5600000000000005,2.0,8.0,941.0,Brazil,Right,midfield
151,18912600.0,23.0,Shakhtar Donetsk,21384000.0,39.0,12.32,6.0,9.0,687.249,Brazil,Right,midfield
152,9601200.0,26.0,Sevilla FC,5832000.0,44.0,6.67,28.0,13.0,1558.0729999999999,Colombia,Right,forward
153,18874800.0,27.0,Sevilla FC,10972800.0,52.0,6.84,21.0,12.0,126.304,Colombia,Right,forward
154,6858000.0,27.0,Stoke City,11664000.0,30.0,8.11,3.0,6.0,172.76999999999998,Scotland,Left,midfield
155,6741000.0,28.0,Stoke City,6858000.0,35.0,4.32,9.0,4.0,217.756,Scotland,Left,midfield
156,6014250.0,29.0,Stoke City,6741000.0,36.0,6.45,7.0,1.0,416.503,Scotland,Left,midfield
157,6079050.0,30.0,Stoke City,6014250.0,25.0,6.23,1.0,1.0,265.041,Scotland,Left,midfield
158,3943800.0,31.0,Stoke City,6079050.0,30.0,2.79,2.0,4.0,426.495,Scotland,Left,midfield
159,16459200.0,23.0,Manchester United,21870000.0,23.0,7.3,0.0,0.0,709.0160000000001,England,Right,backward
160,16178400.0,24.0,Manchester United,16459200.0,38.0,8.120000000000001,2.0,0.0,1065.937,England,Right,backward
161,18711000.0,25.0,Manchester United,16178400.0,29.0,3.85,4.0,0.0,361.878,England,Right,backward
162,27017999.999999996,26.0,Manchester United,18711000.0,55.0,10.58,2.0,0.0,1828.15,England,Right,backward
163,20282400.0,27.0,Manchester United,27017999.999999996,36.0,8.58,2.0,2.0,1397.213,England,Right,backward
164,9601200.0,26.0,Sunderland AFC,8748000.0,37.0,4.38,8.0,2.0,362.832,England,Right,midfield
165,2817000.0,30.0,others_teams,4728150.0,30.0,2.57,2.0,1.0,304.611,England,Right,midfield
166,2057400.0,29.0,VfB Stuttgart,5832000.0,36.0,4.91,0.0,2.0,894.7570000000001,Italy,Left,backward
167,2022300.0,30.0,Torino FC,3429000.0,18.0,1.56,2.0,1.0,181.053,Italy,Left,backward
168,1336500.0,31.0,Torino FC,2022300.0,38.0,6.109999999999999,1.0,3.0,1149.37,Italy,Left,backward
169,810539.9999999999,32.0,Torino FC,1336500.0,29.0,2.83,1.0,2.0,141.964,Italy,Left,backward
170,338040.0,33.0,Torino FC,810539.9999999999,11.0,2.0,0.0,2.0,841.0,Italy,Left,backward
171,270000.0,34.0,Torino FC,338040.0,24.0,3.65,0.0,1.0,361.562,Italy,Left,backward
172,1920240.0,21.0,Atalanta BC,218700.0,39.0,4.24,1.0,3.0,212.792,Italy,Right,midfield
173,5392800.0,22.0,Atalanta BC,1920240.0,31.0,3.6100000000000003,0.0,3.0,145.399,Italy,Right,midfield
174,8687250.0,23.0,Torino FC,5392800.0,24.0,2.45,2.0,2.0,136.284,Italy,Right,midfield
175,8780850.0,24.0,Torino FC,5078700.0,37.0,3.29,5.0,2.0,202.256,Italy,Right,midfield
176,7887600.0,25.0,Torino FC,8780850.0,39.0,2.85,6.0,5.0,133.297,Italy,Right,midfield
177,19202400.0,22.0,Manchester United,24786000.0,40.0,6.66,2.0,5.0,870.293,England,Right,forward
178,24267600.0,23.0,Arsenal FC,19202400.0,36.0,7.15,10.0,6.0,834.4580000000001,England,Right,forward
179,22720500.0,24.0,Arsenal FC,22919400.0,37.0,7.67,8.0,6.0,853.665,England,Right,forward
180,22965300.0,25.0,Arsenal FC,22720500.0,16.0,5.05,5.0,2.0,818.0,England,Right,forward
181,16902000.0,26.0,Arsenal FC,22965300.0,22.0,6.4399999999999995,5.0,4.0,1094.0,England,Right,forward
182,4114800.0,25.0,Santos Laguna,4082400.0000000005,43.0,5.81,19.0,3.0,1073.4099999999999,Colombia,Right,midfield
183,4052699.9999999995,28.0,others_teams,3742200.0000000005,49.0,9.01,16.0,6.0,2752.0,Colombia,Right,midfield
184,39776400.0,26.0,Chelsea FC,33534000.000000004,57.0,11.43,7.0,5.0,2283.633,Brazil,Right,LCM
185,40446000.0,27.0,Paris Saint-Germain,39776400.0,34.0,7.74,0.0,3.0,1327.357,Brazil,Right,LCM
186,37422000.0,28.0,Paris Saint-Germain,40446000.0,45.0,9.54,5.0,1.0,1541.29,Brazil,Right,LCM
187,40527000.0,29.0,Chelsea FC,37422000.0,40.0,13.809999999999999,3.0,3.0,1122.088,Brazil,Right,LCM
188,33804000.0,30.0,Chelsea FC,37825200.0,42.0,10.92,1.0,0.0,800.956,Brazil,Right,LCM
189,8915400.0,22.0,Sevilla FC,2916000.0,35.0,4.29,11.0,8.0,62.548,Russia,Left,midfield
190,5392800.0,23.0,Villarreal CF,8915400.0,5.0,2.0,0.0,0.0,127.0,Russia,Left,midfield
191,13365000.0,24.0,Real Madrid,4044600.0,40.0,5.23,7.0,10.0,864.691,Russia,Left,midfield
192,9456300.0,25.0,Villarreal CF,13365000.0,14.0,9.620000000000001,4.0,1.0,632.0,Russia,Left,midfield
193,2743200.0,25.0,others_teams,2916000.0,32.0,7.89,5.0,7.0,1463.0,Argentina,Left,midfield
194,2022300.0,26.0,others_teams,2743200.0,25.0,0.67,0.0,1.0,56.037,Argentina,Left,midfield
196,891540.0,22.0,US Sassuolo,583200.0,41.0,2.6799999999999997,5.0,6.0,24.003999999999998,Italy,Left,forward
197,4507200.0,26.0,US Sassuolo,1485990.0,40.0,5.890000000000001,13.0,4.0,84.13,Italy,Left,forward
198,3420000.0,26.0,ACF Fiorentina,4507200.0,35.0,4.87,3.0,1.0,643.318,Italy,Left,forward
199,8229600.0,18.0,US Sassuolo,5103000.0,39.0,3.3899999999999997,11.0,6.0,90.34,Italy,Left,forward
200,20223000.0,19.0,US Sassuolo,8229600.0,33.0,6.03,17.0,6.0,315.185,Italy,Left,forward
201,23388750.0,20.0,US Sassuolo,20223000.0,35.0,3.94,15.0,13.0,175.679,Italy,Left,forward
202,27017999.999999996,21.0,US Sassuolo,23388750.0,32.0,6.1899999999999995,8.0,8.0,272.181,Italy,Left,forward
203,25916400.0,23.0,US Sassuolo,27017999.999999996,25.0,3.38,10.0,11.0,305.738,Italy,Left,forward
204,10972800.0,25.0,Valencia CF,5832000.0,30.0,2.3200000000000003,9.0,4.0,595.2570000000001,Colombia,Right,forward
205,6754499.999999999,28.0,others_teams,6682500.0,43.0,9.12,17.0,13.0,801.5780000000001,Colombia,Right,forward
206,5634000.0,29.0,others_teams,6754499.999999999,31.0,3.09,12.0,6.0,239.21499999999997,Colombia,Right,forward
207,10972800.0,28.0,Udinese Calcio,8019000.000000001,34.0,2.62,2.0,5.0,435.418,Serbia,Right,backward
208,8089200.0,29.0,SS Lazio,10972800.0,34.0,4.73,4.0,2.0,317.273,Serbia,Right,backward
209,7350750.000000001,30.0,SS Lazio,8089200.0,33.0,3.8,1.0,2.0,449.382,Serbia,Right,backward
210,5403600.0,31.0,SS Lazio,7350750.000000001,29.0,4.47,0.0,0.0,470.815,Serbia,Right,backward
211,2253600.0,32.0,SS Lazio,5403600.0,30.0,2.67,1.0,3.0,272.123,Serbia,Right,backward
212,3840480.0,27.0,others_teams,2041200.0000000002,38.0,5.9,14.0,2.0,607.425,Colombia,Right,forward
214,2426760.0,28.0,others_teams,3840480.0,28.0,6.13,3.0,1.0,807.16,Colombia,Right,forward
216,6858000.0,28.0,others_teams,7290000.000000001,32.0,2.37,0.0,0.0,182.66,Paraguay,Right,midfield
218,6682500.0,30.0,UC Sampdoria,6741000.0,25.0,1.13,2.0,6.0,92.033,Paraguay,Right,midfield
219,2026349.9999999998,32.0,UC Sampdoria,6682500.0,32.0,2.67,0.0,1.0,182.165,Paraguay,Right,midfield
220,1690200.0,32.0,UC Sampdoria,2026349.9999999998,33.0,4.25,2.0,0.0,92.695,Paraguay,Right,midfield
221,82296000.0,26.0,Paris Saint-Germain,51030000.0,43.0,2.8899999999999997,38.0,4.0,674.981,Uruguay,Right,forward
222,76847400.0,27.0,Paris Saint-Germain,82296000.0,43.0,9.05,25.0,6.0,1122.298,Uruguay,Right,forward
223,56133000.0,28.0,Paris Saint-Germain,76847400.0,53.0,12.76,31.0,2.0,1518.635,Uruguay,Right,forward
225,50706000.0,30.0,Paris Saint-Germain,49983300.0,50.0,10.129999999999999,49.0,6.0,1165.975,Uruguay,Right,forward
226,8229600.0,24.0,Atlético Madrid,14580000.000000002,24.0,4.8100000000000005,0.0,4.0,950.17,Argentina,Left,backward
227,6741000.0,25.0,Atlético Madrid,8229600.0,14.0,6.67,0.0,2.0,1111.0,Argentina,Left,backward
228,3943800.0,28.0,VfB Stuttgart,4728150.0,36.0,3.53,1.0,8.0,183.046,Argentina,Left,backward
229,1097280.0,25.0,others_teams,2187000.0,13.0,4.6,1.0,2.0,493.0,FYR Macedonia,Left,midfield
230,808920.0,26.0,others_teams,1097280.0,10.0,4.88,1.0,0.0,493.0,FYR Macedonia,Left,midfield
231,534600.0,27.0,others_teams,808920.0,9.0,3.58,0.0,2.0,519.0,FYR Macedonia,Left,midfield
232,405269.99999999994,28.0,others_teams,668250.0,2.0,0.5,0.0,0.0,34.0,FYR Macedonia,Left,midfield
234,281700.0,29.0,others_teams,675450.0,3.0,1.33,0.0,0.0,124.0,FYR Macedonia,Left,midfield
236,6858000.0,19.0,others_teams,2187000.0,21.0,10.43,3.0,2.0,465.244,Germany,Right,midfield
237,16178400.0,20.0,Liverpool FC,2057400.0,39.0,5.12,4.0,5.0,772.188,Germany,Right,midfield
238,24789600.0,23.0,Liverpool FC,24316200.0,40.0,4.529999999999999,5.0,3.0,444.368,Germany,Right,midfield
239,12344400.0,27.0,SL Benfica,6561000.0,47.0,8.98,4.0,7.0,1467.012,Mexico,Right,backward
240,31008600.0,28.0,SL Benfica,12344400.0,47.0,12.43,5.0,8.0,1360.368,Mexico,Right,backward
241,26730000.0,29.0,Valencia CF,26964000.0,34.0,10.059999999999999,1.0,4.0,1670.034,Mexico,Right,backward
242,16210799.999999998,30.0,Valencia CF,33412500.000000004,30.0,6.449999999999999,0.0,1.0,662.264,Mexico,Right,backward
243,9014400.0,31.0,Valencia CF,16210799.999999998,29.0,2.87,0.0,1.0,105.197,Mexico,Right,backward
245,4800600.0,22.0,others_teams,5832000.0,32.0,0.88,0.0,1.0,2.628,Argentina,Right,backward
246,5123160.0,23.0,others_teams,4800600.0,33.0,1.94,3.0,0.0,2.9139999999999997,Argentina,Right,backward
247,5346000.0,24.0,others_teams,5123160.0,18.0,3.02,1.0,0.0,320.161,Argentina,Right,backward
248,4457970.0,25.0,Genoa CFC,5346000.0,18.0,1.44,0.0,0.0,1.405,Argentina,Right,backward
249,4800600.0,23.0,Aston Villa,5103000.0,32.0,4.96,1.0,0.0,618.703,England,Left,backward
250,8089200.0,24.0,Aston Villa,4800600.0,36.0,4.0,4.0,3.0,153.003,England,Left,backward
251,13365000.0,25.0,Manchester City,8089200.0,32.0,3.25,2.0,5.0,362.433,England,Left,backward
252,13508999.999999998,26.0,Manchester City,13365000.0,27.0,8.76,2.0,0.0,1235.0,England,Left,backward
253,9014400.0,27.0,Manchester City,13508999.999999998,13.0,7.29,2.0,0.0,515.0,England,Left,backward
254,13716000.0,30.0,Juventus FC,17496000.0,35.0,3.76,13.0,5.0,395.157,Italy,Right,forward
255,8089200.0,31.0,Juventus FC,13716000.0,23.0,5.13,4.0,2.0,722.0,Italy,Right,forward
256,5346000.0,32.0,Torino FC,8089200.0,46.0,6.32,17.0,4.0,668.802,Italy,Right,forward
257,3377249.9999999995,33.0,UC Sampdoria,5346000.0,34.0,3.87,8.0,3.0,118.577,Italy,Right,forward
258,2253600.0,34.0,UC Sampdoria,3377249.9999999995,38.0,4.27,12.0,4.0,92.885,Italy,Right,forward
259,1800000.0,35.0,UC Sampdoria,2253600.0,36.0,4.37,19.0,6.0,71.73,Italy,Right,forward
260,8229600.0,26.0,Sevilla FC,8748000.0,33.0,3.5,4.0,0.0,632.113,Argentina,Right,backward
261,10785600.0,27.0,Sevilla FC,8229600.0,41.0,9.85,3.0,2.0,183.448,Argentina,Right,backward
262,10692000.0,28.0,Tottenham Hotspur,10785600.0,32.0,6.65,0.0,1.0,1080.777,Argentina,Right,backward
263,6754499.999999999,29.0,Tottenham Hotspur,10692000.0,7.0,2.0,0.0,0.0,553.0,Argentina,Right,backward
264,11268000.0,30.0,AS Roma,6754499.999999999,48.0,6.52,4.0,1.0,832.117,Argentina,Right,backward
265,6858000.0,29.0,Juventus FC,6561000.0,30.0,6.23,2.0,4.0,1091.064,Italy,Left,backward
266,5123160.0,30.0,Juventus FC,6858000.0,14.0,8.28,1.0,2.0,762.0,Italy,Left,backward
267,2673000.0,31.0,US Sassuolo,5123160.0,29.0,4.54,0.0,1.0,92.339,Italy,Left,backward
269,901440.0,33.0,US Sassuolo,2026349.9999999998,41.0,3.99,1.0,2.0,632.98,Italy,Left,backward
270,1234440.0,28.0,others_teams,1312200.0,35.0,3.91,0.0,0.0,122.951,Brazil,Right,backward
274,943740.0,29.0,others_teams,1234440.0,25.0,3.3200000000000003,0.0,0.0,271.685,Brazil,Right,backward
278,935550.0000000001,30.0,Inter Milan,943740.0,16.0,5.77,1.0,0.0,1197.0,Brazil,Right,backward
282,1080720.0,31.0,Udinese Calcio,935550.0000000001,27.0,1.08,1.0,1.0,72.146,Brazil,Right,backward
286,788760.0,32.0,others_teams,1080720.0,33.0,1.19,1.0,1.0,92.812,Brazil,Right,backward
290,10972800.0,24.0,others_teams,14580000.000000002,24.0,2.8200000000000003,6.0,1.0,135.1,Ecuador,Left,forward
291,3380400.0,29.0,SS Lazio,6754499.999999999,29.0,1.83,2.0,2.0,61.282,Ecuador,Left,forward
292,24003000.0,25.0,FC Porto,7290000.000000001,10.0,4.5600000000000005,1.0,0.0,834.0,Brazil,Right,midfield
296,12133800.0,27.0,Shakhtar Donetsk,24003000.0,22.0,6.43,2.0,0.0,1131.0,Brazil,Right,midfield
300,13365000.0,27.0,UC Sampdoria,20223000.0,25.0,9.51,1.0,0.0,1688.0,Brazil,Right,midfield
304,16210799.999999998,29.0,Spartak Moscow,21384000.0,38.0,2.6100000000000003,4.0,3.0,272.984,Brazil,Right,midfield
308,15775200.0,29.0,Spartak Moscow,21614400.0,30.0,2.25,3.0,1.0,182.438,Brazil,Right,midfield
312,11700000.0,26.0,Spartak Moscow,11268000.0,38.0,7.74,6.0,4.0,973.165,Brazil,Right,midfield
316,24688800.0,26.0,others_teams,17496000.0,47.0,7.14,10.0,12.0,1138.384,Colombia,Right,midfield
317,18874800.0,28.0,Inter Milan,24688800.0,35.0,3.59,4.0,13.0,240.21,Colombia,Right,midfield
318,16038000.000000002,29.0,Inter Milan,18874800.0,37.0,3.29,7.0,9.0,691.208,Colombia,Right,midfield
319,5486400.0,22.0,Udinese Calcio,3645000.0000000005,19.0,2.17,1.0,3.0,91.227,Uruguay,Left,backward
320,6741000.0,23.0,Udinese Calcio,5486400.0,39.0,6.9399999999999995,2.0,1.0,722.521,Uruguay,Left,backward
321,5078700.0,24.0,Udinese Calcio,6741000.0,12.0,0.82,0.0,0.0,741.0,Uruguay,Left,backward
322,4052699.9999999995,25.0,others_teams,5078700.0,31.0,4.33,0.0,3.0,1143.28,Uruguay,Left,backward
323,109728000.0,23.0,Real Madrid,58320000.00000001,44.0,5.22,26.0,15.0,968.925,Wales,Left,forward
324,107856000.0,25.0,Real Madrid,68580000.0,44.0,7.84,22.0,19.0,1262.068,Wales,Left,forward
325,106920000.0,25.0,Real Madrid,107856000.0,48.0,11.29,17.0,12.0,1459.5810000000001,Wales,Left,forward
326,121580999.99999999,26.0,Real Madrid,106920000.0,31.0,4.73,19.0,14.0,645.738,Wales,Left,forward
327,90144000.0,27.0,Real Madrid,121580999.99999999,27.0,4.66,9.0,6.0,510.427,Wales,Left,forward
328,17830800.0,25.0,others_teams,14580000.000000002,39.0,3.41,7.0,3.0,580.648,Chile,Right,backward
329,14830200.0,27.0,Inter Milan,13716000.0,35.0,0.88,0.0,1.0,47.873,Chile,Right,backward
330,13365000.0,27.0,Inter Milan,14830200.0,44.0,4.53,0.0,3.0,753.988,Chile,Right,backward
331,17561700.0,28.0,Inter Milan,13365000.0,34.0,3.92,1.0,3.0,377.415,Chile,Right,backward
332,8451000.0,29.0,Besiktas JK,17561700.0,31.0,3.85,0.0,0.0,408.16999999999996,Chile,Right,backward
333,12344400.0,26.0,AS Roma,20412000.0,26.0,3.7199999999999998,7.0,5.0,550.0160000000001,Ivory Coast,Right,forward
334,23593500.0,27.0,AS Roma,13716000.0,37.0,4.58,12.0,12.0,287.725,Ivory Coast,Right,forward
335,20047500.0,28.0,AS Roma,23593500.0,34.0,3.87,7.0,6.0,720.898,Ivory Coast,Right,forward
336,45262800.0,25.0,SSC Napoli,55404000.0,44.0,7.3100000000000005,18.0,9.0,761.74,Argentina,Right,forward
337,53928000.0,26.0,SSC Napoli,34290000.0,46.0,8.05,24.0,12.0,1088.4180000000001,Argentina,Right,forward
338,62815500.00000001,27.0,SSC Napoli,53928000.0,58.0,8.870000000000001,29.0,11.0,1413.78,Argentina,Right,forward
339,87808500.0,28.0,SSC Napoli,57469500.00000001,42.0,5.67,38.0,3.0,315.974,Argentina,Right,forward
340,78876000.0,29.0,Juventus FC,87808500.0,55.0,6.890000000000001,32.0,4.0,484.006,Argentina,Right,forward
341,13716000.0,29.0,SSC Napoli,16038000.000000002,41.0,2.4699999999999998,7.0,10.0,475.087,FYR Macedonia,Left,midfield
342,11459700.0,30.0,SSC Napoli,13716000.0,41.0,7.9799999999999995,8.0,8.0,513.388,FYR Macedonia,Left,midfield
343,2673000.0,31.0,others_teams,11459700.0,17.0,2.73,7.0,2.0,1042.0,FYR Macedonia,Left,midfield
344,675450.0,32.0,Genoa CFC,2673000.0,16.0,0.8,0.0,0.0,876.0,FYR Macedonia,Left,midfield
345,450720.0,33.0,Genoa CFC,675450.0,23.0,2.7,7.0,2.0,1123.0,FYR Macedonia,Left,midfield
346,450000.0,34.0,Genoa CFC,450720.0,33.0,4.03,5.0,1.0,78.812,FYR Macedonia,Left,midfield
347,1028700.0,20.0,others_teams,364500.0,53.0,6.93,5.0,0.0,873.942,England,Right,backward
348,4044600.0,21.0,Hull City,1028700.0,52.0,5.32,6.0,5.0,1010.669,England,Right,backward
349,2673000.0,22.0,Hull City,4044600.0,22.0,2.06,1.0,1.0,277.44,England,Right,backward
351,8763300.0,24.0,Borussia Mönchengladbach,10972800.0,22.0,1.81,1.0,2.0,31.255,Norway,Right,backward
352,6682500.0,25.0,Borussia Mönchengladbach,8763300.0,30.0,6.97,3.0,1.0,1550.0,Norway,Right,backward
353,8229600.0,23.0,others_teams,1458000.0,26.0,2.81,2.0,0.0,812.273,Mexico,Right,midfield
355,13482000.0,24.0,FC Porto,8229600.0,39.0,9.600000000000001,3.0,3.0,1401.204,Mexico,Right,midfield
357,30175200.0,24.0,Shakhtar Donetsk,13122000.0,42.0,10.0,29.0,12.0,1150.505,Armenia,Right,midfield
358,35053200.0,25.0,Borussia Dortmund,30175200.0,46.0,6.36,13.0,10.0,1212.452,Armenia,Right,midfield
359,29403000.000000004,26.0,Borussia Dortmund,35053200.0,42.0,8.39,5.0,7.0,1163.92,Armenia,Right,midfield
360,49983300.0,27.0,Manchester United,24057000.0,52.0,9.61,23.0,32.0,1807.575,Armenia,Right,midfield
361,39438000.0,28.0,Manchester United,49983300.0,41.0,11.97,11.0,5.0,1196.3490000000002,Armenia,Right,midfield
362,24003000.0,26.0,Tottenham Hotspur,21870000.0,36.0,8.44,0.0,0.0,11.0,France,Left,keeper
363,21571200.0,27.0,Tottenham Hotspur,24003000.0,45.0,4.36,0.0,0.0,18.0,France,Left,keeper
364,29403000.000000004,28.0,Tottenham Hotspur,21571200.0,44.0,3.59,0.0,0.0,13.0,France,Left,keeper
365,32421599.999999996,29.0,Tottenham Hotspur,29403000.000000004,47.0,6.67,0.0,0.0,15.0,France,Left,keeper
366,27043200.0,30.0,Tottenham Hotspur,32421599.999999996,43.0,3.96,0.0,0.0,17.0,France,Left,keeper
367,6172200.0,19.0,others_teams,874800.0,34.0,4.92,16.0,10.0,801.561,Nigeria,Right,forward
368,20574000.0,25.0,Sevilla FC,11664000.0,42.0,3.2199999999999998,11.0,14.0,563.958,Croatia,Right,midfield
370,53460000.0,27.0,FC Barcelona,40446000.0,51.0,8.03,8.0,10.0,1314.032,Croatia,Right,midfield
371,67545000.0,28.0,FC Barcelona,53460000.0,57.0,13.829999999999998,9.0,5.0,1490.577,Croatia,Right,midfield
372,50706000.0,29.0,FC Barcelona,67545000.0,51.0,9.66,8.0,7.0,1182.344,Croatia,Right,midfield
373,4114800.0,24.0,Southampton FC,2187000.0,32.0,7.32,0.0,1.0,353.43,England,Right,midfield
374,4718700.0,25.0,Southampton FC,4114800.0,33.0,6.54,0.0,3.0,451.73199999999997,England,Right,midfield
375,5346000.0,26.0,Swansea City,4718700.0,31.0,9.95,4.0,1.0,625.325,England,Right,midfield
376,6754499.999999999,27.0,Swansea City,5346000.0,36.0,1.31,1.0,3.0,92.542,England,Right,midfield
378,20574000.0,22.0,Manchester City,21870000.0,16.0,8.0,2.0,1.0,670.0,England,Right,midfield
380,3943800.0,26.0,Sunderland AFC,9456300.0,23.0,2.9,0.0,1.0,271.493,England,Right,midfield
381,26060400.0,26.0,Manchester City,21870000.0,35.0,7.81,2.0,0.0,693.492,Argentina,Right,keeper
383,16178400.0,27.0,Manchester City,26060400.0,43.0,10.06,0.0,0.0,1107.524,Argentina,Right,keeper
385,12344400.0,29.0,Valencia CF,17496000.0,18.0,2.76,1.0,0.0,91.42,France,Left,backward
386,20223000.0,30.0,FC Barcelona,12344400.0,46.0,4.46,4.0,2.0,1253.8229999999999,France,Left,backward
387,20047500.0,31.0,FC Barcelona,20223000.0,41.0,7.5,3.0,0.0,659.106,France,Left,backward
388,13508999.999999998,32.0,FC Barcelona,20047500.0,34.0,14.280000000000001,0.0,3.0,1087.26,France,Left,backward
389,3380400.0,33.0,FC Barcelona,13508999.999999998,16.0,6.65,1.0,0.0,107.039,France,Left,backward
391,8780850.0,33.0,Sunderland AFC,8019000.000000001,34.0,4.12,18.0,1.0,92.551,England,Right,forward
392,5634000.0,34.0,Sunderland AFC,8780850.0,40.0,1.15,15.0,2.0,138.32299999999998,England,Right,forward
393,4800600.0,20.0,others_teams,874800.0,38.0,9.29,5.0,4.0,1874.0,Mexico,Right,midfield
397,8229600.0,29.0,Valencia CF,13122000.0,37.0,4.13,0.0,2.0,545.506,Mexico,Right,backward
398,8089200.0,30.0,Valencia CF,8229600.0,38.0,5.13,0.0,5.0,1158.074,Mexico,Right,backward
399,2673000.0,31.0,others_teams,8089200.0,5.0,0.2,0.0,0.0,404.0,Mexico,Right,backward
401,4114800.0,31.0,others_teams,5103000.0,45.0,5.3100000000000005,8.0,10.0,915.405,Spain,Right,forward
404,2696400.0,32.0,ACF Fiorentina,4114800.0,37.0,5.68,5.0,7.0,821.419,Spain,Right,forward
407,1336500.0,33.0,ACF Fiorentina,2696400.0,34.0,5.11,2.0,6.0,939.418,Spain,Right,forward
410,1371600.0,21.0,Borussia Dortmund,218700.0,38.0,4.09,5.0,6.0,172.897,Germany,Right,midfield
412,5392800.0,21.0,Borussia Dortmund,685800.0,40.0,5.859999999999999,3.0,10.0,1039.0,Germany,Right,midfield
416,3429000.0,23.0,others_teams,4374000.0,26.0,5.380000000000001,2.0,4.0,1104.0,Spain,Right,forward
417,6741000.0,24.0,others_teams,4114800.0,29.0,5.04,5.0,7.0,122.725,Spain,Right,forward
418,4677750.0,25.0,others_teams,8089200.0,28.0,8.620000000000001,8.0,4.0,1624.0,Spain,Right,forward
420,4718700.0,30.0,Stoke City,6858000.0,36.0,4.22,5.0,2.0,238.24,Republic of Ireland,Right,forward
421,4677750.0,31.0,Stoke City,4718700.0,36.0,6.03,11.0,5.0,301.423,Republic of Ireland,Right,forward
422,4728150.0,32.0,Stoke City,4677750.0,33.0,6.5600000000000005,8.0,3.0,555.7239999999999,Republic of Ireland,Right,forward
424,17830800.0,23.0,Liverpool FC,21870000.0,44.0,9.33,6.0,5.0,1113.53,England,Right,midfield
425,24267600.0,24.0,Liverpool FC,17830800.0,40.0,5.79,5.0,7.0,356.13,England,Right,midfield
426,37422000.0,25.0,Liverpool FC,24267600.0,54.0,9.43,7.0,15.0,1487.255,England,Right,midfield
427,37825200.0,26.0,Liverpool FC,37422000.0,26.0,4.88,2.0,3.0,658.293,England,Right,midfield
428,31550400.0,27.0,Liverpool FC,37825200.0,27.0,4.0,1.0,4.0,239.118,England,Right,midfield
429,13716000.0,23.0,others_teams,14580000.000000002,50.0,5.1899999999999995,29.0,4.0,625.756,Scotland,Right,forward
430,5486400.0,20.0,others_teams,1093500.0,35.0,3.99,17.0,8.0,364.369,Switzerland,Right,forward
431,4500000.0,25.0,Borussia Mönchengladbach,2817000.0,15.0,1.08,4.0,1.0,516.0,Switzerland,Right,forward
432,16459200.0,28.0,Atlético Madrid,14580000.000000002,45.0,8.36,1.0,3.0,797.15,Spain,Right,backward
433,24267600.0,29.0,Atlético Madrid,16459200.0,55.0,7.32,0.0,9.0,678.26,Spain,Right,backward
434,24057000.0,30.0,Atlético Madrid,24267600.0,50.0,6.09,0.0,8.0,1351.1019999999999,Spain,Right,backward
435,21614400.0,31.0,Atlético Madrid,24057000.0,48.0,4.01,1.0,4.0,94.17,Spain,Right,backward
436,13521600.0,32.0,Atlético Madrid,21614400.0,36.0,6.28,2.0,3.0,1033.9769999999999,Spain,Right,backward
437,9601200.0,26.0,Genoa CFC,6998400.0,33.0,0.91,3.0,3.0,2.819,Slovakia,Right,midfield
438,8089200.0,27.0,Genoa CFC,9601200.0,12.0,1.27,2.0,0.0,853.0,Slovakia,Right,midfield
440,12158100.0,29.0,AC Milan,8019000.000000001,35.0,3.92,1.0,4.0,416.081,Slovakia,Right,midfield
441,7887600.0,30.0,others_teams,12158100.0,33.0,6.27,4.0,2.0,291.08000000000004,Slovakia,Right,midfield
442,15087600.0,23.0,Arsenal FC,7290000.000000001,34.0,7.22,1.0,5.0,584.102,England,Left,backward
443,17526600.0,24.0,Arsenal FC,15087600.0,41.0,9.46,1.0,5.0,983.054,England,Left,backward
444,17374500.0,25.0,Arsenal FC,17526600.0,33.0,9.81,1.0,5.0,938.658,England,Left,backward
445,17561700.0,26.0,Arsenal FC,17374500.0,27.0,9.65,1.0,0.0,1223.0,England,Left,backward
446,9014400.0,27.0,others_teams,17561700.0,22.0,9.9,0.0,5.0,1648.0,England,Left,backward
447,5212080.0,22.0,others_teams,2916000.0,37.0,6.96,1.0,2.0,1112.149,Greece,Right,backward
448,14830200.0,23.0,AS Roma,5212080.0,37.0,5.82,5.0,0.0,1082.144,Greece,Right,backward
449,26730000.0,24.0,AS Roma,14830200.0,41.0,4.01,0.0,0.0,945.61,Greece,Right,backward
450,33772500.0,25.0,AS Roma,22720500.0,45.0,2.83,2.0,3.0,723.122,Greece,Right,backward
451,33804000.0,25.0,AS Roma,33772500.0,45.0,6.34,0.0,3.0,1037.776,Greece,Right,backward
452,9875520.0,25.0,others_teams,5103000.0,41.0,7.0600000000000005,20.0,6.0,1024.1280000000002,Greece,Left,forward
453,11459700.0,26.0,others_teams,9875520.0,24.0,8.9,19.0,3.0,1685.0,Greece,Left,forward
454,13521600.0,29.0,SL Benfica,15535349.999999998,43.0,12.719999999999999,27.0,4.0,982.244,Greece,Left,forward
455,6172200.0,25.0,SL Benfica,4374000.0,26.0,8.6,1.0,0.0,887.042,Serbia,Right,midfield
456,7415100.0,25.0,SL Benfica,6172200.0,28.0,15.379999999999999,0.0,0.0,857.348,Serbia,Right,midfield
457,6682500.0,26.0,SL Benfica,7415100.0,8.0,6.7,1.0,0.0,314.0,Serbia,Right,midfield
458,14859899.999999998,27.0,SL Benfica,6682500.0,28.0,10.41,0.0,0.0,567.309,Serbia,Right,midfield
459,13521600.0,28.0,SL Benfica,12158100.0,35.0,13.17,1.0,0.0,796.157,Serbia,Right,midfield
461,9437400.0,27.0,Genoa CFC,6858000.0,31.0,1.1,3.0,3.0,88.582,Italy,Left,backward
462,9355500.0,28.0,AC Milan,9437400.0,32.0,5.84,4.0,2.0,92.698,Italy,Left,backward
463,10807200.0,29.0,AC Milan,9355500.0,32.0,4.54,3.0,3.0,362.335,Italy,Left,backward
464,3943800.0,30.0,AC Milan,10807200.0,9.0,5.0,0.0,0.0,417.0,Italy,Left,backward
465,1800000.0,31.0,AC Milan,6197400.0,13.0,10.17,1.0,1.0,584.0,Italy,Left,backward
468,8019000.000000001,26.0,others_teams,5392800.0,21.0,1.0,6.0,3.0,1.554,Italy,Right,forward
470,22965300.0,28.0,Arsenal FC,4009500.0000000005,39.0,4.17,19.0,11.0,204.141,Italy,Right,forward
472,57607200.0,26.0,Liverpool FC,42282000.0,44.0,7.52,30.0,13.0,767.9549999999999,Uruguay,Right,forward
475,80892000.0,27.0,FC Barcelona,57607200.0,37.0,4.24,31.0,19.0,286.96500000000003,Uruguay,Right,forward
478,120285000.00000001,28.0,FC Barcelona,80892000.0,43.0,8.11,25.0,23.0,1356.178,Uruguay,Right,forward
484,101412000.0,30.0,FC Barcelona,121580999.99999999,51.0,9.32,37.0,17.0,1442.862,Uruguay,Right,forward
487,48006000.0,27.0,Real Madrid,67068000.00000001,53.0,8.719999999999999,4.0,8.0,1104.181,Croatia,Right,midfield
488,74151000.0,28.0,Real Madrid,48006000.0,51.0,7.4799999999999995,2.0,9.0,1416.647,Croatia,Right,midfield
489,66825000.00000001,29.0,Real Madrid,74151000.0,25.0,8.11,1.0,5.0,702.306,Croatia,Right,midfield
490,67545000.0,30.0,Real Madrid,66825000.00000001,44.0,4.67,3.0,4.0,906.626,Croatia,Right,midfield
491,45072000.0,31.0,Real Madrid,67545000.0,41.0,12.26,1.0,5.0,1413.892,Croatia,Right,midfield
492,1371600.0,22.0,AS Roma,1458000.0,30.0,1.48,0.0,0.0,9.0,Poland,Right,keeper
493,2022300.0,23.0,AS Roma,1371600.0,4.0,6.0,0.0,0.0,1.0,Poland,Right,keeper
494,2004750.0000000002,24.0,others_teams,2022300.0,11.0,4.25,0.0,0.0,1.0,Poland,Right,keeper
495,5403600.0,25.0,others_teams,2004750.0000000002,32.0,1.16,0.0,0.0,9.0,Poland,Right,keeper
496,7324200.0,26.0,AS Roma,5403600.0,35.0,0.91,0.0,0.0,10.0,Poland,Right,keeper
497,9601200.0,17.0,Southampton FC,2187000.0,31.0,3.1100000000000003,0.0,1.0,474.951,England,Left,backward
498,29660400.0,19.0,Manchester United,9601200.0,38.0,3.51,0.0,2.0,272.992,England,Left,backward
499,28066500.0,19.0,Manchester United,29660400.0,21.0,6.1899999999999995,0.0,1.0,230.127,England,Left,backward
500,28368899.999999996,21.0,Manchester United,28066500.0,8.0,5.0,0.0,1.0,654.0,England,Left,backward
501,20282400.0,21.0,Manchester United,28368899.999999996,19.0,12.8,0.0,2.0,1374.0,England,Left,backward
502,7543800.0,30.0,AS Roma,11664000.0,22.0,4.53,0.0,0.0,4.0,Netherlands,Right,keeper
503,3370500.0,32.0,AS Monaco,7543800.0,21.0,3.58,0.0,0.0,3.0,Netherlands,Right,keeper
504,1336500.0,32.0,AS Monaco,3370500.0,8.0,7.25,0.0,0.0,4.0,Netherlands,Right,keeper
505,2701800.0,33.0,Everton FC,1336500.0,25.0,5.1,0.0,0.0,9.0,Netherlands,Right,keeper
506,2253600.0,34.0,Everton FC,1350900.0,21.0,2.6100000000000003,0.0,0.0,5.0,Netherlands,Right,keeper
507,41148000.0,22.0,AC Milan,46656000.0,33.0,7.81,15.0,3.0,820.145,Italy,Right,forward
508,33705000.0,23.0,Liverpool FC,41148000.0,41.0,4.63,18.0,7.0,869.294,Italy,Right,forward
509,14701500.000000002,24.0,Liverpool FC,36401400.0,28.0,7.5600000000000005,4.0,0.0,1510.0,Italy,Right,forward
510,10131750.0,25.0,others_teams,14701500.000000002,23.0,3.5,3.0,1.0,994.0,Italy,Right,forward
511,16902000.0,26.0,others_teams,8105399.999999999,28.0,2.71,17.0,1.0,361.746,Italy,Right,forward
512,32918400.0,28.0,ACF Fiorentina,61236000.00000001,32.0,8.0,19.0,4.0,1213.0,Uruguay,Right,forward
515,24267600.0,28.0,ACF Fiorentina,32918400.0,15.0,2.89,4.0,2.0,889.0,Uruguay,Right,forward
518,15369750.000000002,29.0,Besiktas JK,24267600.0,32.0,5.2,10.0,4.0,944.399,Uruguay,Right,forward
521,16210799.999999998,30.0,ACF Fiorentina,13365000.0,41.0,5.590000000000001,28.0,6.0,630.7,Uruguay,Right,forward
524,6760800.0,31.0,VfL Wolfsburg,16210799.999999998,37.0,5.53,18.0,1.0,301.85400000000004,Uruguay,Right,forward
527,13716000.0,26.0,Atlético Madrid,8748000.0,43.0,9.079999999999998,1.0,2.0,1192.0,Argentina,Right,forward
529,13482000.0,27.0,Atlético Madrid,13716000.0,25.0,5.95,0.0,0.0,740.361,Argentina,Right,forward
531,13365000.0,28.0,Atlético Madrid,13482000.0,35.0,6.5600000000000005,2.0,1.0,1231.123,Argentina,Right,forward
533,11482650.0,29.0,others_teams,13365000.0,30.0,6.73,1.0,0.0,1600.0,Argentina,Right,forward
535,6197400.0,30.0,others_teams,11482650.0,24.0,2.95,3.0,1.0,271.498,Argentina,Right,forward
539,6172200.0,24.0,Stoke City,9477000.0,27.0,1.0,5.0,9.0,62.959,Austria,Right,forward
542,16210799.999999998,27.0,Stoke City,6682500.0,40.0,3.58,12.0,6.0,487.819,Austria,Right,forward
543,16902000.0,28.0,Stoke City,16210799.999999998,35.0,2.69,7.0,6.0,243.725,Austria,Right,forward
544,2743200.0,22.0,others_teams,583200.0,38.0,4.02,11.0,4.0,475.843,Denmark,Right,forward
545,5392800.0,23.0,others_teams,1165860.0,40.0,6.59,11.0,9.0,717.604,Denmark,Right,forward
546,13716000.0,25.0,Borussia Mönchengladbach,3645000.0000000005,39.0,3.9,12.0,10.0,482.947,Germany,Left,forward
547,16178400.0,26.0,Borussia Mönchengladbach,6858000.0,35.0,1.62,12.0,11.0,123.02,Germany,Left,forward
548,16038000.000000002,27.0,VfL Wolfsburg,13482000.0,42.0,5.29,13.0,11.0,670.5889999999999,Germany,Left,forward
549,10807200.0,28.0,VfL Wolfsburg,16038000.000000002,43.0,9.64,9.0,12.0,826.427,Germany,Left,forward
550,6720840.0,26.0,Atalanta BC,8748000.0,31.0,2.4699999999999998,1.0,2.0,165.015,Argentina,Right,LCM
551,6741000.0,27.0,Atalanta BC,6720840.0,33.0,4.34,5.0,6.0,92.316,Argentina,Right,LCM
553,8915400.0,25.0,AS Roma,5103000.0,35.0,4.2,1.0,2.0,482.202,United States,Right,midfield
554,3380400.0,30.0,others_teams,4052699.9999999995,38.0,6.46,0.0,3.0,722.7,United States,Right,midfield
555,11658600.0,29.0,Swansea City,12393000.0,28.0,1.65,0.0,0.0,7.0,Netherlands,Right,keeper
556,8089200.0,30.0,Tottenham Hotspur,11658600.0,32.0,5.87,0.0,0.0,10.0,Netherlands,Right,keeper
559,4507200.0,33.0,Tottenham Hotspur,6754499.999999999,11.0,6.3,0.0,0.0,7.0,Netherlands,Right,keeper
563,7543800.0,23.0,Southampton FC,2559600.0,37.0,1.14,5.0,1.0,57.209,France,Right,midfield
564,26964000.0,24.0,Southampton FC,7543800.0,36.0,3.58,2.0,1.0,210.765,France,Right,midfield
565,24789600.0,27.0,Everton FC,37825200.0,22.0,10.47,1.0,0.0,239.059,France,Right,midfield
566,13716000.0,24.0,Tottenham Hotspur,10206000.0,38.0,8.93,18.0,11.0,1152.776,Belgium,Right,midfield
567,8089200.0,25.0,Tottenham Hotspur,12344400.0,34.0,6.21,5.0,6.0,472.452,Belgium,Right,midfield
568,17374500.0,25.0,Tottenham Hotspur,8089200.0,45.0,6.970000000000001,13.0,5.0,536.415,Belgium,Right,midfield
569,20263500.0,26.0,others_teams,17374500.0,40.0,4.94,7.0,5.0,1682.0,Belgium,Right,midfield
570,548640.0,18.0,others_teams,291600.0,6.0,5.5,1.0,0.0,338.0,Turkey,Right,midfield
571,5634000.0,22.0,others_teams,9456300.0,39.0,9.45,5.0,3.0,1247.162,Turkey,Right,midfield
572,19888200.0,28.0,Newcastle United,27702000.0,47.0,2.71,13.0,4.0,784.002,Senegal,Right,forward
574,9437400.0,29.0,Newcastle United,19888200.0,27.0,2.83,4.0,3.0,277.381,Senegal,Right,forward
576,10692000.0,30.0,Newcastle United,9437400.0,22.0,1.36,11.0,1.0,1.1520000000000001,Senegal,Right,forward
578,34290000.0,20.0,Juventus FC,8748000.0,37.0,6.3,5.0,0.0,548.735,France,Right,midfield
579,108071999.99999999,23.0,Manchester United,73507500.0,49.0,9.33,10.0,16.0,1267.02,France,Right,midfield
580,8229600.0,25.0,others_teams,145800.0,6.0,1.0,0.0,0.0,222.0,Brazil,Right,midfield
587,13365000.0,26.0,others_teams,21571200.0,27.0,3.91,0.0,3.0,346.09000000000003,Brazil,Right,midfield
594,5403600.0,22.0,others_teams,100980.0,16.0,1.19,2.0,2.0,1.229,Brazil,Right,midfield
601,1126800.0,22.0,US Cremonese,372248.0,39.0,2.03,9.0,9.0,93.051,Brazil,Right,midfield
615,30175200.0,25.0,FC Barcelona,40824000.0,45.0,7.27,10.0,11.0,1345.0720000000001,Spain,Right,forward
616,33705000.0,26.0,FC Barcelona,30175200.0,54.0,7.510000000000001,19.0,13.0,959.363,Spain,Right,forward
617,33412500.000000004,27.0,Chelsea FC,33705000.0,50.0,7.76,11.0,9.0,670.53,Spain,Right,forward
618,31070699.999999996,29.0,Chelsea FC,26730000.0,43.0,11.66,9.0,3.0,741.0419999999999,Spain,Right,forward
619,31550400.0,29.0,Chelsea FC,31070699.999999996,43.0,6.859999999999999,13.0,12.0,574.1510000000001,Spain,Right,forward
620,19202400.0,25.0,others_teams,18954000.0,35.0,4.26,2.0,2.0,92.974,Belgium,Right,midfield
622,36085500.0,27.0,AS Roma,24267600.0,46.0,5.89,5.0,6.0,941.775,Belgium,Right,midfield
623,44579700.0,28.0,AS Roma,36085500.0,42.0,3.0,6.0,2.0,587.94,Belgium,Right,midfield
624,50706000.0,29.0,AS Roma,44579700.0,53.0,6.819999999999999,14.0,7.0,1189.0430000000001,Belgium,Right,midfield
625,40500000.0,30.0,AS Roma,45072000.0,42.0,3.7199999999999998,6.0,11.0,961.621,Belgium,Right,midfield
627,13482000.0,29.0,Borussia Mönchengladbach,10287000.0,35.0,1.62,15.0,7.0,92.999,Brazil,Right,forward
630,5634000.0,32.0,Borussia Mönchengladbach,10807200.0,31.0,8.850000000000001,13.0,4.0,710.5029999999999,Brazil,Right,forward
631,5486400.0,27.0,Bayern Munich,9477000.0,17.0,8.69,2.0,1.0,766.0,Brazil,Left,midfield
634,12133800.0,28.0,Bayern Munich,5486400.0,46.0,14.12,0.0,9.0,1402.203,Brazil,Left,midfield
637,12028500.0,29.0,Bayern Munich,12133800.0,41.0,6.63,0.0,3.0,1247.141,Brazil,Left,midfield
640,7429949.999999999,30.0,Bayern Munich,12028500.0,34.0,7.85,0.0,3.0,551.7239999999999,Brazil,Left,midfield
643,3943800.0,31.0,Bayern Munich,7429949.999999999,28.0,10.5,1.0,3.0,576.021,Brazil,Left,midfield
646,3150000.0,32.0,Bayern Munich,5070600.0,39.0,10.899999999999999,1.0,4.0,766.842,Brazil,Left,midfield
649,16459200.0,25.0,others_teams,11664000.0,31.0,6.6899999999999995,5.0,3.0,433.27,Sweden,Right,midfield
650,17526600.0,26.0,others_teams,16459200.0,29.0,7.890000000000001,0.0,3.0,461.49199999999996,Sweden,Right,midfield
651,4677750.0,27.0,others_teams,17526600.0,12.0,1.25,0.0,0.0,359.0,Sweden,Right,midfield
654,3840480.0,22.0,others_teams,1458000.0,42.0,9.629999999999999,14.0,9.0,1984.379,Mexico,Right,forward
655,13482000.0,23.0,Atlético Madrid,3840480.0,20.0,4.95,11.0,1.0,1675.0,Mexico,Right,forward
658,8229600.0,25.0,others_teams,4374000.0,40.0,5.6899999999999995,7.0,9.0,255.062,Scotland,Left,midfield
659,9437400.0,26.0,Hull City,8229600.0,34.0,2.8,7.0,5.0,337.571,Scotland,Left,midfield
660,8019000.000000001,28.0,Hull City,9437400.0,3.0,5.0,0.0,0.0,155.0,Scotland,Left,midfield
661,6754499.999999999,28.0,Hull City,8019000.000000001,29.0,6.71,5.0,6.0,367.638,Scotland,Left,midfield
662,7887600.0,30.0,Aston Villa,6754499.999999999,39.0,6.87,9.0,6.0,1151.712,Scotland,Left,midfield
663,7680960.0,27.0,others_teams,7290000.000000001,33.0,0.97,0.0,0.0,5.0,Spain,Right,keeper
664,10785600.0,28.0,others_teams,5486400.0,40.0,4.22,0.0,0.0,25.0,Spain,Right,keeper
665,12028500.0,29.0,others_teams,10785600.0,41.0,6.74,0.0,0.0,18.0,Spain,Right,keeper
666,1783080.0,22.0,UC Sampdoria,510300.00000000006,25.0,1.0,0.0,2.0,1018.0,Italy,Right,midfield
667,6741000.0,23.0,UC Sampdoria,1783080.0,29.0,1.28,5.0,1.0,1.9340000000000002,Italy,Right,midfield
668,13365000.0,24.0,UC Sampdoria,4718700.0,35.0,2.95,4.0,5.0,137.53,Italy,Right,midfield
669,20263500.0,25.0,Villarreal CF,13365000.0,40.0,2.58,8.0,3.0,267.829,Italy,Right,midfield
670,18028800.0,26.0,Villarreal CF,18912600.0,43.0,4.720000000000001,11.0,8.0,633.467,Italy,Right,midfield
671,16459200.0,31.0,others_teams,17496000.0,39.0,8.57,22.0,8.0,946.944,Argentina,Right,forward
672,13482000.0,32.0,Inter Milan,16459200.0,39.0,3.12,19.0,7.0,105.168,Argentina,Right,forward
673,5346000.0,33.0,Inter Milan,13482000.0,41.0,2.4299999999999997,12.0,9.0,471.635,Argentina,Right,forward
674,2701800.0,34.0,Inter Milan,5346000.0,30.0,4.63,3.0,4.0,135.39,Argentina,Right,forward
675,901440.0,35.0,Inter Milan,2701800.0,20.0,4.3,2.0,3.0,767.0,Argentina,Right,forward
676,7543800.0,28.0,Aston Villa,8748000.0,31.0,4.1899999999999995,2.0,0.0,392.391,Netherlands,Right,backward
677,8763300.0,29.0,Aston Villa,7543800.0,34.0,2.66,0.0,1.0,182.805,Netherlands,Right,backward
679,1371600.0,24.0,others_teams,364500.0,27.0,1.85,5.0,3.0,888.0,Benin,Right,forward
681,9355500.0,27.0,Aston Villa,2022300.0,44.0,3.16,22.0,6.0,265.706,Benin,Right,forward
682,9456300.0,27.0,Aston Villa,9355500.0,36.0,3.81,6.0,3.0,343.655,Benin,Right,forward
683,7887600.0,28.0,others_teams,9456300.0,38.0,4.0,6.0,1.0,1521.0,Benin,Right,forward
684,4114800.0,23.0,others_teams,10206000.0,35.0,2.41,5.0,7.0,302.381,Algeria,Left,midfield
686,19202400.0,26.0,Spartak Moscow,17496000.0,29.0,8.719999999999999,3.0,1.0,1432.1689999999999,Italy,Left,backward
687,17526600.0,27.0,Spartak Moscow,19202400.0,13.0,1.33,0.0,0.0,1077.0,Italy,Left,backward
688,9355500.0,28.0,Spartak Moscow,17526600.0,14.0,4.83,0.0,0.0,1028.0,Italy,Left,backward
689,5403600.0,30.0,Spartak Moscow,9355500.0,30.0,3.1799999999999997,3.0,0.0,182.52,Italy,Left,backward
691,1800000.0,31.0,Spartak Moscow,3380400.0,18.0,11.25,1.0,0.0,576.0799999999999,Italy,Left,backward
692,1097280.0,24.0,others_teams,583200.0,33.0,0.97,2.0,1.0,182.309,Ivory Coast,Left,LCM
693,4800600.0,31.0,SS Lazio,7290000.000000001,36.0,6.11,10.0,7.0,891.1669999999999,Italy,Right,forward
694,2022300.0,32.0,US Sassuolo,4800600.0,36.0,3.93,5.0,1.0,1738.0,Italy,Right,forward
695,668250.0,33.0,US Sassuolo,2022300.0,29.0,2.83,2.0,0.0,1096.0,Italy,Right,forward
696,338040.0,35.0,others_teams,675450.0,21.0,2.09,7.0,0.0,241.15,Italy,Right,forward
697,270000.0,36.0,others_teams,450720.0,21.0,1.25,3.0,1.0,969.0,Italy,Right,forward
698,1371600.0,21.0,UC Sampdoria,145800.0,17.0,1.06,0.0,1.0,1.097,Germany,Right,backward
699,10785600.0,22.0,Valencia CF,1371600.0,35.0,4.15,1.0,1.0,101.835,Germany,Right,backward
700,33412500.000000004,23.0,Valencia CF,9437400.0,36.0,3.27,4.0,1.0,196.93,Germany,Right,backward
701,40527000.0,24.0,Arsenal FC,26730000.0,44.0,7.65,2.0,2.0,1217.681,Germany,Right,backward
702,31550400.0,25.0,Arsenal FC,27017999.999999996,38.0,6.61,2.0,2.0,1036.275,Germany,Right,backward
703,6172200.0,22.0,UC Sampdoria,2187000.0,36.0,4.14,18.0,4.0,115.734,Italy,Left,forward
704,14830200.0,23.0,US Sassuolo,6172200.0,35.0,2.41,9.0,2.0,90.298,Italy,Left,forward
705,14701500.000000002,24.0,US Sassuolo,14830200.0,34.0,3.1,12.0,3.0,159.588,Italy,Left,forward
706,16210799.999999998,24.0,Juventus FC,14701500.000000002,24.0,6.21,8.0,2.0,1018.0,Italy,Left,forward
707,18028800.0,25.0,Valencia CF,16210799.999999998,31.0,4.38,6.0,1.0,572.376,Italy,Left,forward
708,9601200.0,29.0,others_teams,21141000.0,39.0,3.06,7.0,6.0,357.897,England,Right,backward
710,1126800.0,33.0,others_teams,2701800.0,30.0,2.6100000000000003,2.0,2.0,185.315,England,Right,backward
711,8229600.0,24.0,Stoke City,6561000.0,38.0,2.4400000000000004,1.0,1.0,303.109,France,Right,midfield
714,27017999.999999996,27.0,Sevilla FC,13365000.0,46.0,7.62,4.0,2.0,1383.846,France,Right,midfield
715,33804000.0,28.0,Sevilla FC,27017999.999999996,46.0,3.69,3.0,3.0,1023.066,France,Right,midfield
716,34290000.0,21.0,Atlético Madrid,21870000.0,46.0,7.22,0.0,0.0,24.0,Belgium,Left,keeper
717,33705000.0,22.0,Chelsea FC,24688800.0,56.0,7.68,0.0,0.0,28.0,Belgium,Left,keeper
718,45072000.0,25.0,Chelsea FC,47281500.0,39.0,4.5,0.0,0.0,17.0,Belgium,Left,keeper
719,58500000.0,26.0,Chelsea FC,45072000.0,46.0,7.39,0.0,0.0,19.0,Belgium,Left,keeper
720,21945600.0,27.0,Arsenal FC,26973000.0,39.0,4.79,1.0,0.0,932.234,Belgium,Left,backward
721,20223000.0,28.0,FC Barcelona,21945600.0,21.0,8.21,0.0,1.0,1366.0,Belgium,Left,backward
722,6682500.0,29.0,FC Barcelona,20223000.0,1.0,1.0,0.0,0.0,63.0,Belgium,Left,backward
723,5403600.0,30.0,FC Barcelona,8019000.000000001,20.0,10.530000000000001,1.0,0.0,1271.0,Belgium,Left,backward
724,3380400.0,31.0,AS Roma,5403600.0,12.0,3.94,0.0,0.0,609.0,Belgium,Left,backward
725,6172200.0,26.0,Tottenham Hotspur,8748000.0,30.0,9.0,0.0,6.0,752.0319999999999,England,Right,midfield
726,8089200.0,27.0,Hull City,6172200.0,40.0,2.69,3.0,7.0,393.145,England,Right,midfield
730,43891200.0,23.0,Bayern Munich,33534000.000000004,37.0,10.74,9.0,8.0,934.924,Germany,Right,LCM
731,60669000.0,24.0,Real Madrid,43891200.0,51.0,13.58,4.0,9.0,1869.0639999999999,Germany,Right,LCM
732,66825000.00000001,25.0,Real Madrid,60669000.0,55.0,11.56,2.0,14.0,1539.0639999999999,Germany,Right,LCM
733,81054000.0,26.0,Real Madrid,66825000.00000001,44.0,4.76,1.0,13.0,997.746,Germany,Right,LCM
734,78876000.0,27.0,Real Madrid,67545000.0,48.0,9.19,4.0,16.0,645.528,Germany,Right,LCM
735,17830800.0,22.0,Southampton FC,5475600.0,49.0,10.26,9.0,4.0,1354.7440000000001,Kenya,Right,midfield
736,18874800.0,23.0,Southampton FC,17830800.0,24.0,1.7,0.0,0.0,91.658,Kenya,Right,midfield
737,28170000.0,26.0,Tottenham Hotspur,20263500.0,47.0,6.120000000000001,5.0,1.0,882.015,Kenya,Right,midfield
738,4389120.0,23.0,Sevilla FC,2187000.0,44.0,3.42,15.0,6.0,423.349,Spain,Right,midfield
739,33804000.0,27.0,others_teams,20263500.0,43.0,4.12,6.0,10.0,1059.333,Spain,Right,midfield
740,548640.0,18.0,others_teams,72900.0,6.0,0.5,0.0,1.0,199.0,Brazil,Left,midfield
741,943740.0,19.0,others_teams,274320.0,29.0,3.5,2.0,6.0,521.404,Brazil,Left,midfield
742,801900.0,20.0,others_teams,674100.0,32.0,4.35,2.0,4.0,351.419,Brazil,Left,midfield
743,4507200.0,22.0,others_teams,675450.0,28.0,6.53,5.0,11.0,492.052,Brazil,Left,midfield
744,4050000.0,23.0,others_teams,3104960.0,31.0,3.94,3.0,3.0,448.23199999999997,Brazil,Left,midfield
745,6858000.0,31.0,others_teams,4374000.0,47.0,5.23,0.0,0.0,19.0,Argentina,Right,keeper
748,2701800.0,34.0,Manchester City,6014250.0,14.0,6.0,0.0,0.0,5.0,Argentina,Right,keeper
749,1690200.0,35.0,Manchester City,2701800.0,27.0,11.14,0.0,0.0,10.0,Argentina,Right,keeper
750,5486400.0,23.0,others_teams,4374000.0,28.0,1.11,0.0,2.0,74.843,Algeria,Right,midfield
751,10111500.0,24.0,FC Porto,5486400.0,36.0,4.11,3.0,3.0,73.787,Algeria,Right,midfield
752,29403000.000000004,25.0,FC Porto,10111500.0,42.0,9.11,13.0,10.0,887.949,Algeria,Right,midfield
753,27017999.999999996,26.0,FC Porto,24725250.0,44.0,5.77,9.0,10.0,762.485,Algeria,Right,midfield
754,22536000.0,27.0,FC Porto,27017999.999999996,31.0,7.39,7.0,4.0,602.326,Algeria,Right,midfield
755,2743200.0,24.0,Crystal Palace,364500.0,48.0,4.15,3.0,8.0,243.236,DR Congo,Right,midfield
756,5392800.0,25.0,Crystal Palace,2743200.0,30.0,4.24,0.0,5.0,92.038,DR Congo,Right,midfield
757,1371600.0,26.0,others_teams,1312200.0,24.0,4.24,1.0,0.0,331.477,Tunisia,Right,backward
758,1348200.0,27.0,Atalanta BC,1371600.0,23.0,6.43,0.0,1.0,371.456,Tunisia,Right,backward
759,4677750.0,28.0,Leicester City,1348200.0,29.0,4.04,1.0,0.0,182.189,Tunisia,Right,backward
760,2701800.0,29.0,Leicester City,1737450.0,11.0,7.0,0.0,0.0,754.0,Tunisia,Right,backward
762,11459700.0,19.0,others_teams,4114800.0,45.0,7.94,19.0,7.0,1601.8519999999999,Serbia,Right,forward
765,2022300.0,32.0,others_teams,9601200.0,42.0,13.64,3.0,0.0,946.606,Portugal,Left,forward
767,2673000.0,33.0,others_teams,6066900.0,23.0,2.88,1.0,0.0,181.398,Portugal,Left,forward
769,1350900.0,34.0,others_teams,2673000.0,25.0,1.68,3.0,1.0,2.093,Portugal,Left,forward
771,1692740.0,21.0,others_teams,1028700.0,39.0,5.7,9.0,5.0,980.284,Iran,Right,midfield
772,29660400.0,24.0,others_teams,23317200.0,39.0,7.04,21.0,8.0,1037.113,Ukraine,Left,midfield
773,33412500.000000004,25.0,others_teams,26964000.0,43.0,6.870000000000001,19.0,21.0,1412.16,Ukraine,Left,midfield
774,29719799.999999996,26.0,others_teams,32076000.000000004,34.0,5.55,19.0,13.0,862.996,Ukraine,Left,midfield
775,28170000.0,27.0,Borussia Dortmund,29719799.999999996,36.0,5.07,19.0,10.0,722.235,Ukraine,Left,midfield
776,20700000.0,28.0,Borussia Dortmund,20282400.0,36.0,9.15,10.0,9.0,1435.041,Ukraine,Left,midfield
777,236684.0,19.0,others_teams,172212.0,31.0,7.16,1.0,0.0,768.973,Italy,Left,backward
778,1202850.0,20.0,others_teams,236684.0,39.0,1.08,1.0,8.0,93.19,Italy,Left,backward
779,1350900.0,21.0,others_teams,1202850.0,17.0,5.27,0.0,3.0,126.016,Italy,Left,backward
780,4507200.0,22.0,Torino FC,1350900.0,30.0,3.04,0.0,2.0,209.359,Italy,Left,backward
781,3150000.0,23.0,Torino FC,4507200.0,10.0,1.0,0.0,0.0,506.0,Italy,Left,backward
782,9437400.0,21.0,VfB Stuttgart,3779520.0,35.0,2.43,2.0,0.0,388.694,Germany,Right,backward
783,20223000.0,20.0,others_teams,2743200.0,38.0,2.74,2.0,0.0,272.946,France,Left,backward
784,26730000.0,21.0,others_teams,20223000.0,49.0,6.75,0.0,1.0,1352.96,France,Left,backward
785,1348200.0,21.0,others_teams,342900.0,58.0,8.55,33.0,5.0,1321.719,DR Congo,Right,forward
786,8019000.000000001,22.0,others_teams,1348200.0,32.0,4.34,15.0,1.0,206.41500000000002,DR Congo,Right,forward
787,10785600.0,19.0,others_teams,13716000.0,15.0,5.09,1.0,6.0,1016.0,Portugal,Right,forward
788,9697050.0,20.0,others_teams,12133800.0,33.0,4.7,3.0,6.0,842.175,Portugal,Right,forward
789,11250000.0,23.0,RB Leipzig,14085000.0,40.0,7.3,7.0,2.0,861.606,Portugal,Right,forward
790,6066900.0,19.0,SL Benfica,1371600.0,10.0,6.16,3.0,1.0,717.0,Italy,Right,midfield
793,6682500.0,29.0,Aston Villa,5392800.0,34.0,6.39,1.0,1.0,361.985,Colombia,Right,midfield
795,4728150.0,30.0,ACF Fiorentina,6682500.0,23.0,4.95,0.0,0.0,256.368,Colombia,Right,midfield
800,13365000.0,20.0,Newcastle United,5392800.0,37.0,10.379999999999999,3.0,1.0,1494.754,DR Congo,Right,backward
801,13508999.999999998,22.0,Newcastle United,10692000.0,35.0,1.03,0.0,0.0,182.924,DR Congo,Right,backward
804,2673000.0,30.0,others_teams,2696400.0,32.0,1.37,0.0,0.0,182.36700000000002,France,Right,backward
806,1126800.0,32.0,others_teams,1350900.0,25.0,0.88,1.0,0.0,91.814,France,Right,backward
807,6741000.0,19.0,others_teams,274320.0,42.0,3.23,2.0,2.0,183.578,Italy,Right,backward
810,22536000.0,23.0,Juventus FC,17561700.0,20.0,8.8,3.0,0.0,481.078,Italy,Right,backward
811,8763300.0,25.0,SSC Napoli,1097280.0,37.0,2.15,3.0,1.0,219.855,Colombia,Right,midfield
815,10692000.0,25.0,SSC Napoli,6741000.0,45.0,9.44,2.0,1.0,1043.597,Colombia,Right,midfield
817,6014250.0,33.0,AC Milan,10785600.0,28.0,1.18,0.0,0.0,5.0,Colombia,Right,midfield
819,8780850.0,26.0,SSC Napoli,10692000.0,35.0,6.279999999999999,1.0,2.0,1545.0,Colombia,Right,midfield
821,2026349.9999999998,34.0,AC Milan,6014250.0,9.0,4.25,0.0,0.0,1.0,Colombia,Right,midfield
823,26964000.0,25.0,Liverpool FC,13716000.0,31.0,1.45,2.0,1.0,2.7880000000000003,Croatia,Right,backward
825,17374500.0,25.0,Liverpool FC,26964000.0,38.0,8.9,1.0,0.0,955.034,Croatia,Right,backward
829,19155600.0,27.0,Liverpool FC,20263500.0,33.0,5.97,2.0,1.0,347.554,Croatia,Right,backward
831,3370500.0,25.0,Shakhtar Donetsk,4114800.0,5.0,8.0,0.0,0.0,238.0,Brazil,Right,midfield
832,3341250.0,26.0,Shakhtar Donetsk,3370500.0,16.0,5.55,2.0,1.0,629.0,Brazil,Right,midfield
833,3377249.9999999995,27.0,Shakhtar Donetsk,3341250.0,28.0,9.969999999999999,3.0,4.0,1214.0,Brazil,Right,midfield
834,3380400.0,28.0,Shakhtar Donetsk,3377249.9999999995,33.0,10.11,6.0,3.0,494.124,Brazil,Right,midfield
835,1350000.0,29.0,Shakhtar Donetsk,3380400.0,34.0,11.74,1.0,2.0,980.0,Brazil,Right,midfield
836,1617840.0,23.0,Santos Laguna,1097280.0,30.0,2.52,8.0,5.0,73.911,Cape Verde,Right,forward
837,2673000.0,24.0,Santos Laguna,1617840.0,43.0,6.91,11.0,4.0,1699.013,Cape Verde,Right,forward
838,2701800.0,25.0,Santos Laguna,2673000.0,36.0,5.24,14.0,5.0,1283.317,Cape Verde,Right,forward
839,2253600.0,26.0,Santos Laguna,2701800.0,28.0,5.93,6.0,4.0,644.358,Cape Verde,Right,forward
841,24057000.0,28.0,SSC Napoli,26964000.0,51.0,8.940000000000001,10.0,12.0,1380.679,Belgium,Right,forward
843,36057600.0,30.0,SSC Napoli,21614400.0,46.0,5.58,34.0,15.0,657.56,Belgium,Right,forward
844,27000000.0,31.0,SSC Napoli,31550400.0,49.0,10.89,22.0,12.0,804.006,Belgium,Right,forward
846,4044600.0,23.0,Villarreal CF,1371600.0,21.0,2.83,0.0,0.0,271.519,Brazil,Right,backward
847,16038000.000000002,24.0,Arsenal FC,4044600.0,37.0,12.969999999999999,0.0,2.0,1339.606,Brazil,Right,backward
848,16210799.999999998,25.0,Arsenal FC,16038000.000000002,29.0,4.01,1.0,0.0,688.761,Brazil,Right,backward
849,2696400.0,23.0,others_teams,5486400.0,20.0,8.17,4.0,0.0,679.0,DR Congo,Left,midfield
850,8019000.000000001,24.0,Sevilla FC,3370500.0,35.0,1.29,5.0,7.0,3.0610000000000004,DR Congo,Left,midfield
851,674100.0,19.0,others_teams,411480.0,8.0,2.0,1.0,1.0,139.0,France,Right,midfield
852,2673000.0,20.0,others_teams,674100.0,32.0,3.0,2.0,2.0,214.607,France,Right,midfield
853,10807200.0,21.0,Tottenham Hotspur,2673000.0,41.0,5.44,10.0,5.0,933.076,France,Right,midfield
856,13482000.0,29.0,AC Milan,19888200.0,21.0,4.4399999999999995,3.0,2.0,914.0,Italy,Right,forward
858,2026349.9999999998,31.0,others_teams,5346000.0,31.0,3.77,6.0,2.0,79.911,Italy,Right,forward
860,16178400.0,30.0,others_teams,21945600.0,28.0,2.42,1.0,3.0,338.044,Russia,Right,midfield
861,9355500.0,31.0,others_teams,16178400.0,21.0,6.02,0.0,0.0,670.129,Russia,Right,midfield
862,4052699.9999999995,32.0,others_teams,9355500.0,25.0,2.46,0.0,1.0,153.992,Russia,Right,midfield
864,9437400.0,22.0,others_teams,13716000.0,27.0,5.28,1.0,1.0,1129.0,Algeria,Right,forward
866,4677750.0,26.0,Atalanta BC,5392800.0,28.0,6.76,1.0,4.0,631.341,Slovenia,Right,midfield
867,5403600.0,27.0,Atalanta BC,4677750.0,34.0,2.84,2.0,0.0,91.412,Slovenia,Right,midfield
868,7887600.0,28.0,Atalanta BC,5403600.0,39.0,3.3600000000000003,6.0,3.0,137.76,Slovenia,Right,midfield
869,4044600.0,25.0,others_teams,7543800.0,37.0,5.5,7.0,3.0,204.895,Argentina,Right,forward
871,1580000.0,29.0,Racing Club,1690200.0,6.0,1.0,0.0,0.0,168.0,Argentina,Right,forward
873,1348200.0,25.0,others_teams,548640.0,31.0,5.1899999999999995,7.0,2.0,367.399,Ivory Coast,Right,forward
874,3341250.0,25.0,others_teams,1348200.0,29.0,4.54,15.0,2.0,35.314,Ivory Coast,Right,forward
875,13508999.999999998,26.0,Aston Villa,2673000.0,48.0,1.66,19.0,3.0,177.502,Ivory Coast,Right,forward
876,11268000.0,27.0,Aston Villa,13508999.999999998,40.0,2.94,19.0,2.0,363.048,Ivory Coast,Right,forward
877,13482000.0,22.0,Swansea City,7543800.0,42.0,8.6,6.0,8.0,607.475,England,Right,midfield
878,43142400.0,26.0,ACF Fiorentina,20574000.0,43.0,5.66,15.0,11.0,735.702,Colombia,Right,midfield
880,40095000.0,27.0,Chelsea FC,43142400.0,37.0,12.67,6.0,4.0,699.4490000000001,Colombia,Right,midfield
882,33772500.0,28.0,Chelsea FC,40095000.0,41.0,6.04,5.0,8.0,760.706,Colombia,Right,midfield
884,28170000.0,29.0,Juventus FC,33772500.0,45.0,6.75,3.0,10.0,811.098,Colombia,Right,midfield
886,12133800.0,21.0,FC Porto,9601200.0,35.0,14.88,4.0,4.0,1182.0,Colombia,Left,midfield
888,13365000.0,22.0,others_teams,12133800.0,30.0,6.7,3.0,7.0,1275.0,Colombia,Left,midfield
890,6754499.999999999,23.0,FC Porto,11360250.0,14.0,6.92,1.0,2.0,878.0,Colombia,Left,midfield
892,2366840.0,32.0,others_teams,5486400.0,19.0,5.8100000000000005,1.0,2.0,323.03700000000003,France,Right,midfield
893,1336500.0,32.0,others_teams,2366840.0,38.0,4.22,7.0,6.0,93.922,France,Right,midfield
894,1350900.0,34.0,others_teams,1336500.0,40.0,1.42,4.0,8.0,213.274,France,Right,midfield
895,563400.0,34.0,others_teams,1350900.0,37.0,2.4699999999999998,2.0,4.0,131.119,France,Right,midfield
897,13365000.0,25.0,Paris Saint-Germain,10785600.0,23.0,4.18,0.0,0.0,6.0,Germany,Right,keeper
899,29660400.0,25.0,Juventus FC,26060400.0,47.0,11.48,2.0,6.0,1091.758,Ghana,Left,backward
900,25393500.0,26.0,Juventus FC,29660400.0,10.0,4.57,0.0,1.0,884.0,Ghana,Left,backward
901,17561700.0,27.0,Juventus FC,25393500.0,13.0,4.23,0.0,2.0,770.0,Ghana,Left,backward
902,14085000.0,28.0,Juventus FC,17561700.0,24.0,7.109999999999999,0.0,2.0,414.47,Ghana,Left,backward
903,22919400.0,24.0,Tottenham Hotspur,23317200.0,34.0,6.0600000000000005,1.0,4.0,695.298,England,Right,backward
905,39438000.0,27.0,Manchester City,20263500.0,39.0,3.65,0.0,5.0,474.704,England,Right,backward
907,10785600.0,28.0,Atalanta BC,10287000.0,36.0,3.42,2.0,8.0,120.5,Italy,Right,midfield
908,8019000.000000001,29.0,Atalanta BC,10785600.0,34.0,7.0,4.0,3.0,92.684,Italy,Right,midfield
910,2028240.0,30.0,others_teams,6754499.999999999,7.0,2.25,0.0,0.0,471.0,Italy,Right,midfield
911,1350000.0,31.0,others_teams,2253600.0,27.0,4.23,2.0,3.0,122.033,Italy,Right,midfield
912,1692740.0,21.0,others_teams,205740.0,19.0,4.5,1.0,2.0,1262.0,DR Congo,Right,backward
913,2004750.0000000002,22.0,others_teams,1692740.0,22.0,1.19,0.0,1.0,91.431,DR Congo,Right,backward
914,4052699.9999999995,23.0,others_teams,2004750.0000000002,36.0,5.65,1.0,0.0,332.874,DR Congo,Right,backward
915,5634000.0,24.0,VfL Wolfsburg,2701800.0,29.0,3.96,0.0,2.0,92.389,DR Congo,Right,backward
916,6750000.0,25.0,VfL Wolfsburg,3380400.0,19.0,3.06,0.0,1.0,272.248,DR Congo,Right,backward
917,6741000.0,20.0,others_teams,4526280.0,23.0,2.8,4.0,1.0,991.0,Croatia,Right,midfield
918,67410.0,20.0,others_teams,103632.0,32.0,5.59,4.0,0.0,766.0699999999999,Italy,Right,backward
919,1069200.0,21.0,others_teams,67410.0,21.0,1.4,2.0,0.0,91.54,Italy,Right,backward
921,4009500.0000000005,30.0,others_teams,4718700.0,23.0,7.55,2.0,1.0,1810.0,Austria,Right,midfield
922,1891259.9999999998,31.0,others_teams,4009500.0000000005,26.0,6.540000000000001,0.0,1.0,1928.0,Austria,Right,midfield
923,8089200.0,27.0,Hull City,10287000.0,41.0,2.89,4.0,4.0,334.484,Senegal,Right,midfield
924,6682500.0,28.0,Hull City,9437400.0,16.0,1.67,4.0,0.0,1053.0,Senegal,Right,midfield
925,2022300.0,23.0,Santos Laguna,2057400.0,22.0,6.83,0.0,0.0,1761.0,Mexico,Right,backward
927,2405700.0,24.0,Santos Laguna,2022300.0,21.0,7.16,2.0,0.0,1628.0,Mexico,Right,backward
929,2817000.0,25.0,Santos Laguna,2701800.0,28.0,4.25,2.0,0.0,971.53,Mexico,Right,backward
930,3370500.0,23.0,others_teams,548640.0,42.0,6.68,3.0,4.0,333.212,France,Right,midfield
932,27017999.999999996,25.0,Leicester City,6014250.0,40.0,6.16,1.0,4.0,176.02,France,Right,midfield
933,7415100.0,28.0,AC Milan,12344400.0,23.0,5.140000000000001,0.0,0.0,1559.0,Colombia,Left,backward
934,5063240.0,24.0,others_teams,2743200.0,36.0,3.29,3.0,0.0,291.879,Senegal,Left,backward
935,6760800.0,27.0,Crystal Palace,8780850.0,4.0,3.33,0.0,0.0,360.0,Senegal,Left,backward
936,16178400.0,22.0,others_teams,6522720.0,24.0,4.8,15.0,1.0,355.485,Germany,Right,forward
938,2250000.0,26.0,others_teams,2253600.0,33.0,3.9699999999999998,10.0,4.0,126.866,Germany,Right,forward
939,4718700.0,20.0,others_teams,2743200.0,34.0,1.32,0.0,1.0,3.06,Portugal,Left,midfield
940,22536000.0,24.0,Borussia Dortmund,12158100.0,35.0,6.13,7.0,9.0,851.4839999999999,Portugal,Left,midfield
941,16200000.0,24.0,Borussia Dortmund,22536000.0,15.0,4.05,2.0,1.0,910.0,Portugal,Left,midfield
942,539280.0,17.0,Ajax Amsterdam,103632.0,23.0,1.38,0.0,2.0,147.568,Netherlands,Right,midfield
943,8687250.0,19.0,Ajax Amsterdam,539280.0,35.0,8.82,3.0,1.0,482.249,Netherlands,Right,midfield
944,1692740.0,23.0,others_teams,1645920.0,42.0,4.27,12.0,11.0,632.72,Slovenia,Right,forward
945,7350750.000000001,24.0,others_teams,1348200.0,39.0,4.6899999999999995,27.0,7.0,421.754,Slovenia,Right,forward
946,6754499.999999999,25.0,others_teams,4009500.0000000005,23.0,9.68,11.0,7.0,1618.0,Slovenia,Right,forward
947,1348200.0,20.0,Atalanta BC,137160.0,22.0,7.68,1.0,1.0,167.208,Italy,Right,midfield
948,935550.0000000001,21.0,others_teams,1348200.0,14.0,1.36,1.0,0.0,845.0,Italy,Right,midfield
949,945629.9999999999,22.0,Atalanta BC,935550.0000000001,20.0,6.3100000000000005,1.0,1.0,1152.0,Italy,Right,midfield
950,22536000.0,23.0,Inter Milan,945629.9999999999,33.0,9.61,2.0,3.0,986.575,Italy,Right,midfield
953,20047500.0,24.0,Valencia CF,26964000.0,32.0,2.94,4.0,5.0,83.08,Spain,Left,forward
955,10131750.0,25.0,Valencia CF,24057000.0,38.0,8.5,7.0,3.0,813.363,Spain,Left,forward
957,20223000.0,20.0,Everton FC,6172200.0,38.0,6.82,7.0,3.0,332.28700000000003,England,Right,midfield
958,3370500.0,27.0,Crystal Palace,5486400.0,40.0,4.05,2.0,3.0,93.51,England,Right,backward
959,4009500.0000000005,28.0,Crystal Palace,3370500.0,37.0,3.35,4.0,3.0,272.922,England,Right,backward
962,3370500.0,23.0,Liverpool FC,4800600.0,7.0,2.5,0.0,0.0,578.0,Uruguay,Right,backward
963,13482000.0,27.0,Southampton FC,8915400.0,32.0,1.53,7.0,3.0,182.24099999999999,Republic of Ireland,Right,forward
966,12028500.0,28.0,Southampton FC,8089200.0,41.0,7.140000000000001,7.0,7.0,642.538,Republic of Ireland,Right,forward
969,13508999.999999998,29.0,Southampton FC,12028500.0,34.0,4.4,13.0,6.0,265.111,Republic of Ireland,Right,forward
972,10141200.0,30.0,Southampton FC,13508999.999999998,45.0,6.01,5.0,4.0,825.2470000000001,Republic of Ireland,Right,forward
975,24267600.0,26.0,Borussia Dortmund,13716000.0,42.0,9.35,1.0,2.0,1059.258,Greece,Right,backward
977,29719799.999999996,28.0,Borussia Dortmund,24057000.0,40.0,9.69,1.0,0.0,1132.112,Greece,Right,backward
978,24789600.0,29.0,Borussia Dortmund,29719799.999999996,41.0,6.52,3.0,0.0,1409.3,Greece,Right,backward
979,17526600.0,23.0,ACF Fiorentina,13716000.0,40.0,4.32,0.0,1.0,783.79,Montenegro,Right,backward
980,16038000.000000002,24.0,Atlético Madrid,17526600.0,41.0,5.55,2.0,2.0,948.515,Montenegro,Right,backward
981,33772500.0,25.0,Atlético Madrid,20047500.0,24.0,6.23,0.0,0.0,1855.0,Montenegro,Right,backward
982,5392800.0,27.0,Everton FC,5486400.0,36.0,6.5,9.0,6.0,408.408,Scotland,Right,midfield
984,8105399.999999999,29.0,others_teams,6682500.0,26.0,5.07,5.0,2.0,1476.0,Scotland,Right,midfield
985,4507200.0,31.0,others_teams,8105399.999999999,32.0,3.98,7.0,3.0,301.887,Scotland,Right,midfield
988,4728150.0,24.0,others_teams,2004750.0000000002,38.0,7.16,6.0,5.0,766.576,Denmark,Left,LCM
989,19800000.0,26.0,Borussia Dortmund,6760800.0,36.0,3.5300000000000002,3.0,6.0,384.796,Denmark,Left,LCM
990,6066900.0,19.0,AS Monaco,548640.0,28.0,7.13,1.0,0.0,274.727,France,Right,LCM
991,6682500.0,20.0,AS Monaco,6066900.0,18.0,10.33,0.0,0.0,1279.0,France,Right,LCM
993,33804000.0,22.0,Chelsea FC,6079050.0,51.0,11.61,3.0,1.0,1689.22,France,Right,LCM
994,16178400.0,18.0,VfB Stuttgart,1371600.0,35.0,7.47,5.0,5.0,226.52800000000002,Germany,Right,forward
996,10692000.0,19.0,VfB Stuttgart,16178400.0,33.0,1.09,3.0,1.0,15.623000000000001,Germany,Right,forward
1000,56340000.0,21.0,RB Leipzig,10807200.0,32.0,2.03,21.0,7.0,33.433,Germany,Right,forward
1002,7415100.0,25.0,Hertha BSC,8229600.0,49.0,10.379999999999999,16.0,14.0,1550.199,Switzerland,Left,midfield
1003,7350750.000000001,26.0,Hertha BSC,7415100.0,29.0,2.46,4.0,9.0,198.865,Switzerland,Left,midfield
1004,4052699.9999999995,27.0,Hertha BSC,7350750.000000001,24.0,4.64,1.0,0.0,961.0,Switzerland,Left,midfield
1005,2253600.0,28.0,Hertha BSC,4052699.9999999995,20.0,4.41,5.0,3.0,207.163,Switzerland,Left,midfield
1006,13482000.0,25.0,Borussia Mönchengladbach,10972800.0,53.0,9.129999999999999,0.0,0.0,19.0,Switzerland,Right,keeper
1008,13508999.999999998,27.0,Borussia Mönchengladbach,16038000.000000002,41.0,4.36,0.0,0.0,7.0,Switzerland,Right,keeper
1010,7200000.0,29.0,Borussia Mönchengladbach,10141200.0,33.0,3.4699999999999998,0.0,0.0,8.0,Switzerland,Right,keeper
1012,9456300.0,23.0,others_teams,3341250.0,19.0,1.68,6.0,4.0,1.412,France,Right,forward
1013,10023750.0,19.0,others_teams,8763300.0,30.0,3.66,4.0,1.0,29.756,Croatia,Left,midfield
1014,6754499.999999999,20.0,others_teams,10023750.0,37.0,1.97,5.0,5.0,46.346000000000004,Croatia,Left,midfield
1015,20047500.0,20.0,AC Milan,4044600.0,31.0,1.4,2.0,2.0,92.534,Italy,Left,backward
1016,27017999.999999996,21.0,AC Milan,11360250.0,40.0,4.0600000000000005,2.0,0.0,602.943,Italy,Left,backward
1017,28170000.0,22.0,AC Milan,24316200.0,29.0,4.78,1.0,1.0,212.37,Italy,Left,backward
1018,17374500.0,25.0,Swansea City,16852500.0,30.0,1.96,11.0,6.0,149.372,Ghana,Left,midfield
1019,24316200.0,26.0,Swansea City,17374500.0,35.0,4.24,12.0,5.0,5.9399999999999995,Ghana,Left,midfield
1020,9355500.0,24.0,others_teams,674100.0,50.0,3.17,18.0,8.0,345.49,England,Right,forward
1021,33412500.000000004,19.0,Manchester United,6741000.0,48.0,8.05,12.0,5.0,739.822,France,Right,forward
1022,43228800.0,20.0,Manchester United,10692000.0,56.0,11.06,18.0,11.0,2033.632,France,Right,forward
1023,39438000.0,21.0,Manchester United,43228800.0,42.0,12.68,8.0,8.0,958.56,France,Right,forward
1024,6014250.0,27.0,others_teams,4044600.0,38.0,1.56,9.0,8.0,130.099,France,Left,midfield
1026,2673000.0,23.0,Genoa CFC,1348200.0,21.0,4.75,1.0,0.0,6.078,Italy,Right,backward
1027,6754499.999999999,24.0,Genoa CFC,2673000.0,34.0,1.21,0.0,2.0,53.66,Italy,Right,backward
1028,6760800.0,25.0,Genoa CFC,4728150.0,30.0,4.0,0.0,2.0,122.589,Italy,Right,backward
1029,29403000.000000004,30.0,Bayern Munich,47187000.0,28.0,5.32,5.0,8.0,578.361,Germany,Right,backward
1030,13508999.999999998,31.0,Manchester United,29403000.000000004,31.0,11.83,1.0,1.0,767.201,Germany,Right,backward
1031,3380400.0,33.0,others_teams,16210799.999999998,4.0,9.0,1.0,1.0,134.0,Germany,Right,backward
1034,5346000.0,19.0,Chelsea FC,2022300.0,37.0,9.86,18.0,7.0,680.156,Burkina Faso,Left,midfield
1035,5403600.0,20.0,Chelsea FC,5346000.0,18.0,7.5,5.0,1.0,693.0,Burkina Faso,Left,midfield
1036,6014250.0,27.0,others_teams,8089200.0,27.0,3.41,10.0,1.0,191.076,Romania,Right,forward
1037,5403600.0,29.0,others_teams,6014250.0,30.0,1.34,10.0,5.0,46.374,Romania,Right,forward
1038,267300.0,20.0,others_teams,134820.0,17.0,1.0,3.0,1.0,1.463,Gambia,Right,backward
1039,675450.0,21.0,others_teams,267300.0,27.0,1.73,3.0,0.0,92.315,Gambia,Right,backward
1040,901440.0,23.0,others_teams,540360.0,39.0,7.17,4.0,1.0,1172.286,Gambia,Right,backward
1041,5400000.0,23.0,others_teams,901440.0,33.0,10.379999999999999,8.0,3.0,1376.44,Gambia,Right,backward
1042,20047500.0,23.0,Real Madrid,8089200.0,41.0,9.24,4.0,3.0,1101.156,Brazil,Right,midfield
1043,13365000.0,21.0,Tottenham Hotspur,337050.0,33.0,10.93,8.0,9.0,199.517,Cameroon,Right,forward
1044,9456300.0,22.0,others_teams,6682500.0,14.0,3.63,0.0,1.0,386.0,Cameroon,Right,forward
1045,10023750.0,20.0,others_teams,4044600.0,43.0,7.97,7.0,3.0,453.317,France,Right,midfield
1046,22965300.0,21.0,others_teams,10023750.0,45.0,5.87,7.0,7.0,1004.581,France,Right,midfield
1047,39438000.0,22.0,Bayern Munich,17561700.0,47.0,5.01,14.0,7.0,1331.578,France,Right,midfield
1048,36000000.0,23.0,Bayern Munich,24789600.0,40.0,9.9,10.0,7.0,857.5260000000001,France,Right,midfield
1049,22720500.0,25.0,Manchester United,16178400.0,32.0,5.63,2.0,4.0,556.172,Netherlands,Left,backward
1050,29719799.999999996,26.0,Manchester United,22720500.0,56.0,11.23,2.0,3.0,1889.116,Netherlands,Left,backward
1052,5346000.0,19.0,Ajax Amsterdam,539280.0,35.0,5.7,4.0,6.0,1018.74,Netherlands,Left,backward
1054,4507200.0,21.0,Ajax Amsterdam,3377249.9999999995,32.0,7.38,1.0,5.0,590.789,Netherlands,Left,backward
1055,26730000.0,19.0,Real Madrid,18874800.0,69.0,16.009999999999998,9.0,7.0,1457.614,Brazil,Right,backward
1063,20282400.0,21.0,Manchester City,9456300.0,36.0,12.86,2.0,3.0,1132.488,Brazil,Right,backward
1067,6300000.0,22.0,others_teams,5070600.0,84.0,17.03,7.0,7.0,2318.879,Brazil,Right,backward
1071,6682500.0,19.0,Tottenham Hotspur,2696400.0,44.0,4.33,16.0,11.0,431.404,England,Right,LCM
1072,27017999.999999996,20.0,Tottenham Hotspur,6682500.0,46.0,5.25,10.0,11.0,746.48,England,Right,LCM
1073,67608000.0,21.0,Tottenham Hotspur,27017999.999999996,50.0,6.369999999999999,22.0,13.0,973.044,England,Right,LCM
1074,8019000.000000001,28.0,Spartak Moscow,12133800.0,28.0,1.44,2.0,1.0,55.139,Russia,Right,LCM
1076,8451000.0,30.0,Spartak Moscow,6079050.0,27.0,2.74,8.0,3.0,136.126,Russia,Right,LCM
1077,1603800.0,21.0,SL Benfica,1213380.0,28.0,3.9299999999999997,0.0,0.0,7.0,Brazil,Left,keeper
1078,9456300.0,22.0,SL Benfica,1603800.0,22.0,8.83,0.0,0.0,9.0,Brazil,Left,keeper
1079,28170000.0,24.0,Manchester City,9456300.0,40.0,8.98,0.0,0.0,24.0,Brazil,Left,keeper
1080,4009500.0000000005,19.0,others_teams,67410.0,35.0,6.63,8.0,5.0,235.51899999999998,Switzerland,Right,midfield
1081,4677750.0,32.0,Shakhtar Donetsk,4044600.0,9.0,0.78,2.0,1.0,315.0,Portugal,Right,keeper
1083,3377249.9999999995,34.0,Shakhtar Donetsk,2673000.0,41.0,9.95,18.0,2.0,1565.0,Portugal,Right,keeper
1089,10692000.0,24.0,Sunderland AFC,11459700.0,18.0,7.75,1.0,2.0,672.0,Italy,Right,forward
1090,8105399.999999999,25.0,Sunderland AFC,9355500.0,27.0,1.0,5.0,2.0,91.898,Italy,Right,forward
1091,6760800.0,26.0,AC Milan,8105399.999999999,26.0,0.96,2.0,0.0,171.741,Italy,Right,forward
1092,12028500.0,26.0,Swansea City,6741000.0,32.0,3.4299999999999997,0.0,0.0,353.474,Argentina,Right,backward
1093,12158100.0,27.0,Swansea City,12028500.0,32.0,1.22,1.0,1.0,2.88,Argentina,Right,backward
1094,10141200.0,28.0,Swansea City,12158100.0,30.0,7.37,0.0,2.0,226.43,Argentina,Right,backward
1095,10692000.0,22.0,VfB Stuttgart,8089200.0,32.0,1.5,3.0,6.0,243.527,Serbia,Left,midfield
1097,8019000.000000001,26.0,Swansea City,6741000.0,43.0,6.59,2.0,5.0,1071.612,France,Left,backward
1098,4728150.0,27.0,Swansea City,8019000.000000001,17.0,4.36,0.0,0.0,1107.0,France,Left,backward
1099,5687550.0,25.0,others_teams,2696400.0,36.0,2.77,6.0,5.0,638.029,Romania,Right,midfield
1100,4052699.9999999995,26.0,others_teams,4677750.0,26.0,1.44,3.0,6.0,16.698,Romania,Right,midfield
1101,24057000.0,24.0,Newcastle United,13482000.0,44.0,5.83,18.0,6.0,826.878,Netherlands,Right,midfield
1102,29719799.999999996,25.0,Liverpool FC,20047500.0,40.0,0.97,11.0,5.0,183.167,Netherlands,Right,midfield
1103,31550400.0,26.0,Liverpool FC,29719799.999999996,42.0,3.88,6.0,11.0,362.978,Netherlands,Right,midfield
1104,3341250.0,25.0,others_teams,2696400.0,41.0,7.42,1.0,2.0,743.392,Argentina,Right,midfield
1106,5403600.0,26.0,others_teams,3341250.0,45.0,8.309999999999999,1.0,2.0,1292.773,Argentina,Right,midfield
1107,6760800.0,27.0,Sevilla FC,4052699.9999999995,50.0,9.99,1.0,1.0,1714.696,Argentina,Right,midfield
1108,33412500.000000004,23.0,Tottenham Hotspur,18874800.0,42.0,9.43,17.0,4.0,894.289,Korea Republic,Right,midfield
1110,3722479.9999999995,23.0,others_teams,801900.0,29.0,5.85,1.0,0.0,618.664,France,Right,midfield
1111,2817000.0,24.0,others_teams,3722479.9999999995,41.0,3.81,2.0,0.0,480.956,France,Right,midfield
1112,13500000.0,25.0,Sevilla FC,2817000.0,32.0,2.5,0.0,0.0,182.411,France,Right,midfield
1113,6014250.0,18.0,Ajax Amsterdam,674100.0,37.0,11.17,2.0,0.0,2281.0,Netherlands,Left,midfield
1114,8780850.0,19.0,Ajax Amsterdam,2004750.0000000002,33.0,5.97,0.0,1.0,901.852,Netherlands,Left,midfield
1116,26730000.0,22.0,Atlético Madrid,21571200.0,21.0,4.33,0.0,0.0,11.0,Slovenia,Right,keeper
1117,47281500.0,23.0,Atlético Madrid,20047500.0,51.0,4.09,0.0,0.0,32.0,Slovenia,Right,keeper
1125,33772500.0,27.0,Bayern Munich,37422000.0,27.0,8.07,1.0,2.0,813.103,Venezuela,Right,forward
1131,36057600.0,28.0,Bayern Munich,33772500.0,37.0,10.030000000000001,2.0,1.0,842.135,Venezuela,Right,forward
1138,9456300.0,24.0,others_teams,2673000.0,41.0,3.16,3.0,6.0,268.11199999999997,Ivory Coast,Right,midfield
1139,28170000.0,25.0,others_teams,7429949.999999999,39.0,2.87,7.0,10.0,354.99,Ivory Coast,Right,midfield
1140,27000000.0,26.0,others_teams,15775200.0,43.0,5.38,2.0,10.0,1020.6220000000001,Ivory Coast,Right,midfield
1142,22965300.0,24.0,Inter Milan,10692000.0,35.0,1.71,2.0,1.0,72.846,Venezuela,Right,midfield
1143,14648400.0,25.0,Inter Milan,24316200.0,34.0,4.4,1.0,1.0,662.075,Venezuela,Right,midfield
1144,6682500.0,20.0,VfB Stuttgart,943740.0,29.0,2.94,2.0,2.0,212.087,Germany,Right,midfield
1145,17561700.0,21.0,Bayern Munich,6682500.0,36.0,7.960000000000001,0.0,2.0,1006.422,Germany,Right,midfield
1146,45072000.0,22.0,Bayern Munich,17561700.0,40.0,10.77,9.0,2.0,551.542,Germany,Right,midfield
1147,5346000.0,22.0,others_teams,1617840.0,31.0,8.719999999999999,2.0,4.0,1082.213,Mexico,Right,midfield
1150,4507200.0,24.0,others_teams,5403600.0,43.0,12.700000000000001,7.0,4.0,2322.0,Mexico,Right,midfield
1151,1336500.0,20.0,others_teams,1348200.0,37.0,2.89,0.0,0.0,16.0,Spain,Right,keeper
1152,2026349.9999999998,21.0,others_teams,1336500.0,40.0,1.23,0.0,0.0,12.0,Spain,Right,keeper
1153,20047500.0,28.0,Real Madrid,13482000.0,11.0,7.33,0.0,0.0,5.0,Costa Rica,Right,keeper
1154,6014250.0,25.0,others_teams,1887480.0,30.0,4.04,5.0,0.0,148.298,Italy,Right,backward
1155,11482650.0,26.0,SSC Napoli,6014250.0,27.0,1.23,2.0,0.0,92.289,Italy,Right,backward
1156,6760800.0,27.0,SSC Napoli,11482650.0,4.0,4.0,2.0,0.0,360.0,Italy,Right,backward
1157,6300000.0,28.0,UC Sampdoria,9014400.0,7.0,3.75,1.0,0.0,620.0,Italy,Right,backward
1158,10023750.0,20.0,others_teams,11459700.0,40.0,11.01,5.0,2.0,1638.0,Argentina,Right,midfield
1159,8105399.999999999,22.0,Genoa CFC,8687250.0,25.0,9.06,4.0,1.0,1328.0,Argentina,Right,midfield
1160,6197400.0,22.0,AC Milan,8105399.999999999,29.0,4.22,3.0,2.0,1518.0,Argentina,Right,midfield
1162,13508999.999999998,28.0,Shakhtar Donetsk,9355500.0,48.0,12.129999999999999,12.0,15.0,1840.382,Ukraine,Left,midfield
1164,9900000.0,30.0,Shakhtar Donetsk,11268000.0,41.0,12.42,22.0,16.0,1688.787,Ukraine,Left,midfield
1165,12028500.0,24.0,Villarreal CF,13482000.0,24.0,3.5500000000000003,3.0,1.0,888.135,Argentina,Right,backward
1166,20263500.0,25.0,Villarreal CF,12028500.0,21.0,5.140000000000001,1.0,0.0,634.009,Argentina,Right,backward
1168,11250000.0,27.0,AC Milan,20282400.0,22.0,6.800000000000001,1.0,1.0,557.198,Argentina,Right,backward
1169,46777500.0,26.0,Borussia Dortmund,47187000.0,32.0,5.0,2.0,0.0,649.031,Germany,Right,backward
1170,51334199.99999999,27.0,Bayern Munich,46777500.0,50.0,9.6,3.0,4.0,1718.4940000000001,Germany,Right,backward
1171,45072000.0,28.0,Bayern Munich,51334199.99999999,42.0,9.73,3.0,3.0,1081.181,Germany,Right,backward
1172,54000000.0,29.0,Bayern Munich,45072000.0,41.0,9.93,3.0,4.0,1280.213,Germany,Right,backward
1173,42768000.0,22.0,Inter Milan,24267600.0,48.0,4.92,27.0,9.0,978.899,Argentina,Right,forward
1174,54035999.99999999,23.0,Inter Milan,42768000.0,34.0,1.73,16.0,4.0,45.593,Argentina,Right,forward
1175,84510000.0,24.0,Inter Milan,47281500.0,41.0,3.57,26.0,7.0,401.028,Argentina,Right,forward
1178,8105399.999999999,30.0,Genoa CFC,10692000.0,30.0,6.800000000000001,3.0,6.0,705.578,Portugal,Left,midfield
1182,2250000.0,32.0,Genoa CFC,4507200.0,23.0,3.82,1.0,0.0,121.741,Portugal,Left,midfield
1184,40095000.0,27.0,SL Benfica,29660400.0,37.0,10.969999999999999,4.0,16.0,811.1469999999999,Argentina,Left,midfield
1185,33772500.0,28.0,Atlético Madrid,36085500.0,37.0,7.3999999999999995,11.0,20.0,1072.046,Argentina,Left,midfield
1186,22536000.0,29.0,Atlético Madrid,33772500.0,36.0,5.279999999999999,4.0,5.0,688.019,Argentina,Left,midfield
1187,7200000.0,30.0,others_teams,22536000.0,13.0,7.75,0.0,0.0,548.0,Argentina,Left,midfield
1189,801900.0,23.0,others_teams,471870.0,27.0,1.67,3.0,0.0,2.3819999999999997,Gambia,Left,backward
1190,2026349.9999999998,23.0,others_teams,801900.0,3.0,1.0,0.0,0.0,270.0,Gambia,Left,backward
1192,5634000.0,24.0,others_teams,945629.9999999999,52.0,11.29,4.0,0.0,2367.3230000000003,Gambia,Left,backward
1193,4500000.0,25.0,others_teams,3380400.0,43.0,7.94,1.0,0.0,1442.52,Gambia,Left,backward
1194,16038000.000000002,23.0,others_teams,6066900.0,19.0,1.12,7.0,4.0,147.225,Italy,Right,midfield
1195,17561700.0,24.0,others_teams,10692000.0,34.0,1.18,5.0,10.0,92.641,Italy,Right,midfield
1196,10141200.0,25.0,ACF Fiorentina,20263500.0,30.0,5.36,4.0,3.0,537.533,Italy,Right,midfield
1197,3341250.0,20.0,others_teams,67410.0,33.0,8.18,0.0,2.0,949.244,Netherlands,Right,backward
1198,6079050.0,21.0,others_teams,1069200.0,36.0,7.83,0.0,10.0,692.462,Netherlands,Right,backward
1199,10141200.0,22.0,AS Roma,6079050.0,42.0,8.82,1.0,7.0,1042.54,Netherlands,Right,backward
1200,8100000.0,23.0,AS Roma,10141200.0,1.0,3.0,0.0,0.0,82.0,Netherlands,Right,backward
1201,14701500.000000002,24.0,Leicester City,2696400.0,32.0,1.07,4.0,3.0,162.082,Algeria,Left,forward
1202,2673000.0,18.0,others_teams,134820.0,13.0,6.4,0.0,0.0,842.0,Italy,Left,LCM
1203,4507200.0,19.0,others_teams,4052699.9999999995,3.0,4.5,0.0,0.0,139.0,Italy,Left,LCM
1204,13500000.0,21.0,Udinese Calcio,3380400.0,37.0,3.9699999999999998,2.0,1.0,22.240000000000002,Italy,Left,LCM
1205,6014250.0,24.0,others_teams,3370500.0,30.0,2.61,4.0,0.0,2.515,Senegal,Right,backward
1207,801900.0,22.0,others_teams,539280.0,27.0,3.08,4.0,1.0,351.899,France,Right,backward
1208,1621079.9999999998,22.0,others_teams,534600.0,31.0,5.49,0.0,3.0,855.611,France,Right,backward
1209,4677750.0,21.0,others_teams,1692740.0,28.0,4.3100000000000005,11.0,6.0,485.299,France,Right,forward
1210,13500000.0,23.0,others_teams,13521600.0,36.0,4.39,13.0,7.0,381.352,France,Right,forward
1211,10692000.0,29.0,Leicester City,7415100.0,35.0,2.69,14.0,6.0,302.78700000000003,Japan,Right,forward
1213,7887600.0,31.0,Leicester City,13508999.999999998,41.0,3.34,6.0,1.0,641.571,Japan,Right,forward
1214,4677750.0,25.0,others_teams,2022300.0,32.0,0.84,0.0,3.0,2.88,Brazil,Right,backward
1216,22720500.0,25.0,Inter Milan,32356800.0,26.0,4.92,5.0,4.0,1184.0,Montenegro,Right,forward
1217,16886250.0,26.0,Inter Milan,20047500.0,28.0,3.38,7.0,4.0,181.535,Montenegro,Right,forward
1218,11268000.0,27.0,Sevilla FC,18912600.0,29.0,5.609999999999999,7.0,5.0,247.203,Montenegro,Right,forward
1219,1678050.0,23.0,others_teams,674100.0,41.0,10.93,8.0,11.0,478.54400000000004,Scotland,Right,midfield
1221,10131750.0,28.0,others_teams,8019000.000000001,52.0,9.5,16.0,8.0,1917.621,Belgium,Right,LCM
1222,5634000.0,29.0,Udinese Calcio,10131750.0,37.0,5.97,0.0,2.0,707.826,Belgium,Right,LCM
1223,18711000.0,27.0,Shakhtar Donetsk,20223000.0,36.0,8.52,4.0,7.0,804.461,Brazil,Right,midfield
1224,17561700.0,28.0,Shakhtar Donetsk,20047500.0,42.0,12.620000000000001,8.0,15.0,2687.0,Brazil,Right,midfield
1225,13521600.0,29.0,Shakhtar Donetsk,17561700.0,40.0,12.84,10.0,10.0,1144.666,Brazil,Right,midfield
1226,9900000.0,30.0,Shakhtar Donetsk,13521600.0,36.0,12.76,7.0,8.0,1808.0,Brazil,Right,midfield
1227,8687250.0,23.0,others_teams,10785600.0,37.0,6.61,12.0,3.0,896.604,England,Left,forward
1229,9456300.0,28.0,Genoa CFC,4009500.0000000005,34.0,1.3,3.0,7.0,122.93,Venezuela,Right,midfield
1230,9014400.0,29.0,Torino FC,9456300.0,36.0,11.56,0.0,4.0,700.394,Venezuela,Right,midfield
1231,4009500.0000000005,20.0,AS Monaco,1011150.0,22.0,8.39,1.0,0.0,569.012,Brazil,Right,backward
1233,8105399.999999999,21.0,others_teams,4009500.0000000005,34.0,4.4399999999999995,1.0,0.0,752.251,Brazil,Right,backward
1235,10141200.0,22.0,SS Lazio,8105399.999999999,30.0,3.84,1.0,1.0,373.737,Brazil,Right,backward
1238,40527000.0,22.0,Atlético Madrid,12028500.0,43.0,5.76,5.0,5.0,905.498,Belgium,Right,midfield
1239,20047500.0,33.0,Paris Saint-Germain,35053200.0,37.0,12.129999999999999,30.0,8.0,1109.004,Sweden,Right,forward
1240,16210799.999999998,34.0,Manchester United,20047500.0,51.0,13.55,50.0,19.0,1595.5529999999999,Sweden,Right,forward
1242,8105399.999999999,23.0,others_teams,6014250.0,35.0,5.71,3.0,4.0,1267.1570000000002,France,Right,midfield
1243,9456300.0,21.0,AS Monaco,1678050.0,26.0,10.46,1.0,3.0,1274.0,Burkina Faso,Left,midfield
1248,6300000.0,22.0,AS Monaco,3380400.0,43.0,6.9399999999999995,8.0,12.0,721.244,Burkina Faso,Left,midfield
1253,1350900.0,27.0,others_teams,668250.0,47.0,1.61,6.0,2.0,273.91499999999996,England,Right,backward
1255,6300000.0,29.0,others_teams,2253600.0,46.0,3.51,9.0,2.0,633.428,England,Right,backward
1256,5403600.0,17.0,others_teams,400950.0,24.0,1.29,0.0,0.0,8.0,France,Right,keeper
1257,9014400.0,18.0,others_teams,3377249.9999999995,38.0,4.17,0.0,0.0,11.0,France,Right,keeper
1258,11700000.0,19.0,ACF Fiorentina,9014400.0,44.0,8.969999999999999,0.0,0.0,16.0,France,Right,keeper
1259,4052699.9999999995,23.0,Tottenham Hotspur,4009500.0000000005,7.0,5.5,2.0,0.0,298.0,England,Right,forward
1260,5634000.0,24.0,others_teams,4052699.9999999995,35.0,6.5,7.0,12.0,469.726,England,Right,forward
1263,39438000.0,27.0,SS Lazio,13508999.999999998,41.0,3.66,26.0,6.0,397.123,Italy,Right,forward
1264,148599000.0,31.0,Real Madrid,147015000.0,48.0,4.91,51.0,15.0,4.292999999999999,Portugal,Right,forward
1265,112680000.0,32.0,Real Madrid,148599000.0,46.0,8.09,42.0,11.0,385.744,Portugal,Right,forward
1267,2541560.0,26.0,VfB Stuttgart,4052699.9999999995,19.0,2.11,4.0,6.0,532.0,Germany,Right,forward
1268,9000000.0,27.0,VfL Wolfsburg,2817000.0,25.0,4.91,8.0,0.0,147.529,Germany,Right,forward
1269,2026349.9999999998,22.0,others_teams,467775.00000000006,35.0,6.47,0.0,0.0,13.0,England,Left,forward
1270,2817000.0,24.0,Liverpool FC,2026349.9999999998,46.0,4.74,0.0,0.0,12.0,England,Left,forward
1271,3377249.9999999995,21.0,others_teams,7350750.000000001,10.0,0.63,0.0,0.0,803.0,Brazil,Left,backward
1273,5070600.0,24.0,others_teams,8105399.999999999,33.0,4.96,9.0,2.0,1888.0,Colombia,Right,forward
1274,1350900.0,21.0,AS Roma,534600.0,9.0,2.5,1.0,0.0,261.0,Italy,Left,backward
1275,15775200.0,23.0,AS Roma,1350900.0,36.0,6.91,1.0,1.0,629.967,Italy,Left,backward
1276,27017999.999999996,22.0,Manchester United,4009500.0000000005,35.0,4.3100000000000005,1.0,1.0,888.023,Ivory Coast,Right,backward
1278,27000000.0,24.0,Manchester United,33804000.0,18.0,7.46,1.0,0.0,1359.0,Ivory Coast,Right,backward
1279,7429949.999999999,25.0,AS Monaco,10692000.0,40.0,7.46,5.0,3.0,274.598,Argentina,Right,forward
1280,7429949.999999999,26.0,Racing Club,6682500.0,8.0,1.5,4.0,2.0,439.0,Argentina,Right,forward
1282,6197400.0,27.0,others_teams,7429949.999999999,22.0,1.82,10.0,4.0,1.895,Argentina,Right,forward
1284,8780850.0,21.0,others_teams,3742200.0000000005,47.0,6.33,12.0,10.0,877.01,Mexico,Right,forward
1286,27000000.0,22.0,others_teams,11268000.0,34.0,4.45,19.0,11.0,420.349,Mexico,Right,forward
1287,29719799.999999996,30.0,others_teams,49450500.0,39.0,10.14,23.0,25.0,1095.341,Brazil,Left,midfield
1289,23662800.0,30.0,others_teams,29719799.999999996,44.0,9.5,30.0,25.0,1560.4,Brazil,Left,midfield
1290,2026349.9999999998,19.0,others_teams,200475.0,24.0,1.39,3.0,3.0,70.257,England,Right,midfield
1291,2253600.0,20.0,others_teams,2026349.9999999998,22.0,12.86,4.0,10.0,1446.0,England,Right,midfield
1292,25200000.0,21.0,Leicester City,2253600.0,49.0,3.84,15.0,11.0,472.64300000000003,England,Right,midfield
1293,9456300.0,27.0,Crystal Palace,8019000.000000001,32.0,5.14,3.0,0.0,561.963,England,Right,backward
1297,22500000.0,23.0,others_teams,1690200.0,28.0,4.35,0.0,1.0,106.137,Colombia,Right,midfield
1298,13508999.999999998,23.0,AS Monaco,6682500.0,5.0,1.0,0.0,0.0,378.0,Brazil,Right,backward
1299,13508999.999999998,21.0,Sevilla FC,10023750.0,25.0,1.0,3.0,1.0,1.308,Argentina,Right,midfield
1305,1350900.0,22.0,Sunderland AFC,334125.0,31.0,6.67,0.0,0.0,14.0,England,Left,keeper
1306,16902000.0,23.0,Sunderland AFC,1350900.0,33.0,3.66,0.0,0.0,5.0,England,Left,keeper
1307,37825200.0,25.0,SSC Napoli,12028500.0,42.0,6.25,0.0,2.0,790.888,Senegal,Right,backward
1308,45072000.0,26.0,SSC Napoli,31070699.999999996,38.0,5.13,2.0,0.0,902.472,Senegal,Right,backward
1309,17561700.0,21.0,SS Lazio,11360250.0,39.0,4.58,5.0,8.0,546.7660000000001,Senegal,Right,midfield
1310,28170000.0,22.0,SS Lazio,17561700.0,34.0,2.9699999999999998,16.0,6.0,147.929,Senegal,Right,midfield
1311,9456300.0,19.0,Manchester City,1002375.0000000001,36.0,11.4,14.0,7.0,1318.0,Nigeria,Left,forward
1312,16902000.0,20.0,Manchester City,9456300.0,29.0,9.68,7.0,3.0,899.0,Nigeria,Left,forward
1313,3377249.9999999995,33.0,Racing Club,4677750.0,19.0,6.140000000000001,1.0,1.0,451.229,Argentina,Right,forward
1319,2371580.0,23.0,others_teams,668250.0,32.0,4.83,14.0,4.0,130.226,France,Right,midfield
1320,6760800.0,24.0,others_teams,1696129.9999999998,38.0,2.5300000000000002,12.0,9.0,122.815,France,Right,midfield
1321,5400000.0,25.0,others_teams,3380400.0,24.0,5.48,0.0,1.0,1210.0,France,Right,midfield
1324,18000000.0,20.0,others_teams,2253600.0,27.0,4.23,9.0,2.0,1141.0,Serbia,Right,forward
1325,607905.0,18.0,others_teams,267300.0,30.0,2.34,1.0,3.0,928.015,Uruguay,Left,backward
1326,10800000.0,20.0,RB Leipzig,1978160.0,19.0,1.84,0.0,1.0,1.651,Uruguay,Left,backward
1328,20263500.0,26.0,others_teams,24057000.0,41.0,7.1,1.0,8.0,1236.333,Russia,Right,backward
1329,18028800.0,27.0,others_teams,20263500.0,36.0,2.67,0.0,6.0,542.615,Russia,Right,backward
1330,10807200.0,21.0,SSC Napoli,5346000.0,50.0,7.82,6.0,4.0,930.223,Croatia,Right,midfield
1331,11268000.0,21.0,SSC Napoli,10807200.0,31.0,11.209999999999999,5.0,3.0,1552.0,Croatia,Right,midfield
1332,7200000.0,22.0,SSC Napoli,11268000.0,37.0,8.71,1.0,1.0,620.0,Croatia,Right,midfield
1338,4052699.9999999995,26.0,others_teams,935550.0000000001,45.0,6.58,0.0,3.0,1752.192,Slovenia,Right,backward
1340,10131750.0,22.0,Hertha BSC,2673000.0,33.0,3.77,2.0,8.0,392.428,Germany,Right,backward
1341,13521600.0,23.0,Hertha BSC,8105399.999999999,21.0,6.03,4.0,6.0,326.125,Germany,Right,backward
1342,10800000.0,24.0,others_teams,10141200.0,31.0,3.15,2.0,2.0,551.981,Germany,Right,backward
1343,36474300.0,24.0,AS Roma,24057000.0,42.0,3.07,15.0,9.0,665.739,Egypt,Left,midfield
1344,45072000.0,24.0,Liverpool FC,36474300.0,41.0,6.4,19.0,15.0,701.486,Egypt,Left,midfield
1347,9014400.0,22.0,Chelsea FC,6754499.999999999,17.0,8.9,3.0,1.0,1311.0,Netherlands,Left,backward
1348,2026349.9999999998,22.0,others_teams,668250.0,49.0,3.31,2.0,3.0,753.326,England,Right,midfield
1350,337725.0,23.0,Manchester United,334125.0,11.0,3.6100000000000003,0.0,0.0,2.0,England,Right,keeper
1351,1126800.0,24.0,Manchester United,337725.0,27.0,2.89,0.0,0.0,10.0,England,Right,keeper
1352,8105399.999999999,24.0,others_teams,5346000.0,42.0,9.77,3.0,4.0,866.847,Colombia,Right,backward
1353,675450.0,24.0,others_teams,668250.0,7.0,2.29,7.0,0.0,171.0,Republic of Ireland,Right,forward
1354,7887600.0,25.0,Aston Villa,675450.0,40.0,2.4000000000000004,15.0,3.0,886.25,Republic of Ireland,Right,forward
1355,4728150.0,28.0,others_teams,4009500.0000000005,36.0,2.42,18.0,11.0,180.863,Argentina,Right,keeper
1361,10807200.0,19.0,others_teams,534600.0,43.0,6.720000000000001,4.0,3.0,1539.151,Nigeria,Right,midfield
1362,15775200.0,20.0,Leicester City,8105399.999999999,57.0,14.15,6.0,1.0,1847.232,Nigeria,Right,midfield
1363,31500000.0,21.0,Leicester City,15775200.0,38.0,6.33,1.0,4.0,398.899,Nigeria,Right,midfield
1364,5634000.0,20.0,SSC Napoli,5403600.0,30.0,5.92,4.0,3.0,248.215,Algeria,Left,forward
1365,4050000.0,21.0,SSC Napoli,4507200.0,14.0,5.93,2.0,1.0,424.0,Algeria,Left,forward
1366,6760800.0,21.0,AS Monaco,810539.9999999999,29.0,4.08,5.0,0.0,963.0,France,Left,midfield
1367,7200000.0,21.0,others_teams,1690200.0,30.0,4.4,3.0,3.0,1250.0,France,Left,midfield
1368,6760800.0,17.0,Borussia Dortmund,2371580.0,7.0,10.0,2.0,0.0,471.0,Sweden,Right,forward
1369,4050000.0,18.0,Borussia Dortmund,6760800.0,13.0,8.870000000000001,2.0,1.0,366.0,Sweden,Right,forward
1370,16902000.0,19.0,others_teams,2371580.0,34.0,6.23,1.0,1.0,220.183,Morocco,Right,LCM
1371,45072000.0,24.0,Torino FC,13508999.999999998,38.0,3.49,28.0,8.0,229.071,Italy,Right,forward
1372,2253600.0,28.0,others_teams,1080720.0,33.0,0.75,6.0,3.0,122.686,Italy,Right,midfield
1374,5400000.0,24.0,others_teams,7887600.0,29.0,7.5200000000000005,3.0,1.0,1075.484,Belgium,Right,backward
1375,11831400.0,26.0,Besiktas JK,10807200.0,47.0,5.24,24.0,4.0,754.534,Turkey,Right,forward
1376,50706000.0,18.0,Borussia Dortmund,6754499.999999999,43.0,6.67,5.0,13.0,810.514,United States,Right,midfield
1378,40500000.0,19.0,Borussia Dortmund,20282400.0,42.0,3.42,5.0,7.0,728.312,United States,Right,midfield
1380,16902000.0,24.0,Chelsea FC,6079050.0,29.0,1.45,1.0,5.0,2.333,Italy,Right,backward
1381,28170000.0,20.0,Ajax Amsterdam,742995.0,46.0,6.26,6.0,2.0,183.872,Colombia,Right,backward
1384,13521600.0,18.0,RB Leipzig,1350900.0,33.0,10.09,0.0,2.0,1149.33,France,Right,backward
1386,5634000.0,27.0,Sevilla FC,13508999.999999998,16.0,7.3,3.0,3.0,863.0,Brazil,Left,midfield
1390,20700000.0,22.0,ACF Fiorentina,11268000.0,41.0,6.0,15.0,5.0,191.03199999999998,Argentina,Right,forward
1394,9000000.0,20.0,others_teams,7887600.0,28.0,6.89,10.0,0.0,611.384,Nigeria,Right,forward
1395,14648400.0,19.0,others_teams,810539.9999999999,33.0,4.26,5.0,5.0,176.938,Senegal,Right,midfield
1397,10800000.0,19.0,VfL Wolfsburg,3380400.0,32.0,6.77,6.0,2.0,1966.0,Croatia,Right,forward
1400,7887600.0,29.0,Hull City,6079050.0,33.0,8.51,4.0,8.0,1101.145,Poland,Right,midfield
1401,20282400.0,27.0,RB Leipzig,16210799.999999998,39.0,3.67,2.0,4.0,836.538,Slovenia,Right,LCM
1402,13521600.0,24.0,Stoke City,9456300.0,10.0,6.1,0.0,0.0,777.0,Austria,Left,backward
1403,7887600.0,20.0,RB Leipzig,1350900.0,43.0,8.93,4.0,4.0,976.289,Austria,Right,backward
1404,7200000.0,21.0,RB Leipzig,9014400.0,29.0,8.75,0.0,2.0,371.331,Austria,Right,backward
1405,10141200.0,25.0,others_teams,8780850.0,18.0,4.17,2.0,0.0,126.291,Greece,Right,backward
1406,4500000.0,26.0,others_teams,7887600.0,30.0,1.03,1.0,1.0,92.61,Greece,Right,backward
1407,7887600.0,28.0,Sunderland AFC,8105399.999999999,31.0,0.73,1.0,0.0,92.545,Ivory Coast,Right,backward
1408,20282400.0,22.0,others_teams,13508999.999999998,41.0,6.91,3.0,1.0,922.471,Argentina,Right,midfield
1409,50706000.0,21.0,Manchester City,24316200.0,37.0,7.29,9.0,8.0,811.787,Germany,Left,forward
1411,18028800.0,21.0,AS Roma,3377249.9999999995,34.0,1.4,8.0,8.0,445.951,Italy,Left,backward
1412,31500000.0,22.0,AS Roma,18028800.0,37.0,3.93,3.0,5.0,319.807,Italy,Left,backward
1417,14648400.0,22.0,Torino FC,16210799.999999998,34.0,2.8899999999999997,5.0,5.0,2.377,Senegal,Right,forward
1418,13521600.0,22.0,others_teams,6754499.999999999,39.0,9.03,4.0,14.0,84.104,France,Right,midfield
1419,19800000.0,23.0,others_teams,13521600.0,53.0,6.75,12.0,3.0,617.24,France,Right,midfield
1420,3943800.0,24.0,others_teams,3377249.9999999995,25.0,3.92,21.0,6.0,1056.016,Chile,Right,forward
1421,5400000.0,25.0,SL Benfica,3943800.0,32.0,4.08,18.0,4.0,1084.521,Chile,Right,forward
1422,1690200.0,19.0,Paris Saint-Germain,1080720.0,17.0,4.3100000000000005,1.0,0.0,666.0,France,Right,forward
1423,2250000.0,20.0,others_teams,1690200.0,29.0,13.05,11.0,4.0,1259.0,France,Right,forward
1425,3380400.0,25.0,others_teams,8105399.999999999,27.0,2.42,2.0,2.0,92.883,Switzerland,Left,midfield
1426,2250000.0,26.0,others_teams,3380400.0,26.0,0.96,6.0,4.0,122.105,Switzerland,Left,midfield
1427,3380400.0,19.0,others_teams,270180.0,46.0,10.120000000000001,7.0,14.0,1960.693,Nigeria,Right,forward
1428,7200000.0,20.0,others_teams,3380400.0,36.0,4.71,6.0,8.0,662.681,Nigeria,Right,forward
1429,16902000.0,27.0,Bayern Munich,5403600.0,34.0,3.38,3.0,10.0,212.788,Germany,Right,midfield
1430,13500000.0,28.0,Bayern Munich,9014400.0,35.0,10.84,1.0,5.0,625.509,Germany,Right,midfield
1432,8100000.0,22.0,Hertha BSC,3380400.0,35.0,10.56,3.0,8.0,692.8589999999999,Austria,Right,midfield
1433,15775200.0,28.0,Villarreal CF,10807200.0,36.0,4.109999999999999,1.0,1.0,712.367,Spain,Left,backward
1434,7200000.0,29.0,Villarreal CF,15775200.0,34.0,6.38,2.0,1.0,632.4169999999999,Spain,Left,backward
1437,4500000.0,19.0,others_teams,788760.0,36.0,3.58,0.0,0.0,10.0,Ukraine,Right,keeper
1440,9000000.0,21.0,AS Roma,11268000.0,31.0,4.09,2.0,0.0,1186.0,Brazil,Left,LCM
1441,6300000.0,18.0,others_teams,281700.0,20.0,8.75,2.0,2.0,1217.0,Mali,Right,backward
1442,6750000.0,19.0,others_teams,901440.0,27.0,2.46,12.0,2.0,191.946,Burkina Faso,Right,forward
1443,6300000.0,24.0,AS Monaco,901440.0,40.0,4.59,5.0,0.0,268.01,Ivory Coast,Left,midfield
1444,10800000.0,21.0,Sevilla FC,2253600.0,41.0,3.8600000000000003,2.0,1.0,407.917,France,Right,backward
1446,6300000.0,22.0,others_teams,6760800.0,36.0,0.82,6.0,3.0,160.017,Brazil,Left,midfield
1447,19800000.0,24.0,others_teams,5634000.0,45.0,6.9799999999999995,21.0,6.0,772.516,Argentina,Right,keeper
1449,10800000.0,19.0,Arsenal FC,676080.0,21.0,6.33,0.0,1.0,224.428,France,Right,midfield
1450,6300000.0,19.0,others_teams,4507200.0,10.0,1.0,4.0,1.0,886.0,Argentina,Right,forward
1451,5850000.0,21.0,Shakhtar Donetsk,5634000.0,16.0,2.67,0.0,1.0,1259.0,Brazil,Left,midfield
1452,36000000.0,23.0,others_teams,3380400.0,38.0,2.4699999999999998,14.0,5.0,114.844,Ivory Coast,Left,midfield
1453,40500000.0,22.0,Bayern Munich,33804000.0,42.0,9.809999999999999,2.0,2.0,1099.9189999999999,Germany,Right,backward
1454,15300000.0,26.0,AC Milan,19155600.0,47.0,8.5,4.0,2.0,1147.005,Switzerland,Left,backward
1456,7200000.0,24.0,others_teams,5634000.0,46.0,7.76,12.0,9.0,1104.0,Brazil,Right,backward
1458,7650000.0,23.0,others_teams,9014400.0,19.0,0.67,1.0,2.0,91.321,Brazil,Right,midfield
1459,27000000.0,23.0,Everton FC,10141200.0,6.0,4.6,0.0,1.0,377.0,Colombia,Right,backward
